global_map_order,event_id,event_region,season_year,stage_label,week_label,day_label,match_date,match_order,game_number,team_a,team_b,winner,loser,map_name,map_mode,series_format,source_url,source_note
1,owcs_2026_asia_s1_japan,japan,2026,Stage 1,Week 1,March 16th,2026-03-16,1,1,Please Not Hero Ban,Telomere,Please Not Hero Ban,Telomere,Oasis,Control,bo5,https://liquipedia.net/overwatch/index.php?title=Overwatch_Champions_Series/2026/Asia/Stage_1/Japan/Regular_Season,group_stage_scrape
2,owcs_2026_asia_s1_japan,japan,2026,Stage 1,Week 1,March 16th,2026-03-16,1,2,Please Not Hero Ban,Telomere,Please Not Hero Ban,Telomere,Watchpoint: Gibraltar,Escort,bo5,https://liquipedia.net/overwatch/index.php?title=Overwatch_Champions_Series/2026/Asia/Stage_1/Japan/Regular_Season,group_stage_scrape
3,owcs_2026_asia_s1_japan,japan,2026,Stage 1,Week 1,March 16th,2026-03-16,1,3,Please Not Hero Ban,Telomere,Telomere,Please Not Hero Ban,Aatlis,Flashpoint,bo5,https://liquipedia.net/overwatch/index.php?title=Overwatch_Champions_Series/2026/Asia/Stage_1/Japan/Regular_Season,group_stage_scrape
4,owcs_2026_asia_s1_japan,japan,2026,Stage 1,Week 1,March 16th,2026-03-16,1,4,Please Not Hero Ban,Telomere,Please Not Hero Ban,Telomere,Blizzard World,Hybrid,bo5,https://liquipedia.net/overwatch/index.php?title=Overwatch_Champions_Series/2026/Asia/Stage_1/Japan/Regular_Season,group_stage_scrape
5,owcs_2026_asia_s1_japan,japan,2026,Stage 1,Week 1,March 16th,2026-03-16,2,1,Enter Force.36,Nyam Gaming,Enter Force.36,Nyam Gaming,Oasis,Control,bo5,https://liquipedia.net/overwatch/index.php?title=Overwatch_Champions_Series/2026/Asia/Stage_1/Japan/Regular_Season,group_stage_scrape
6,owcs_2026_asia_s1_japan,japan,2026,Stage 1,Week 1,March 16th,2026-03-16,2,2,Enter Force.36,Nyam Gaming,Enter Force.36,Nyam Gaming,Aatlis,Flashpoint,bo5,https://liquipedia.net/overwatch/index.php?title=Overwatch_Champions_Series/2026/Asia/Stage_1/Japan/Regular_Season,group_stage_scrape
7,owcs_2026_asia_s1_japan,japan,2026,Stage 1,Week 1,March 16th,2026-03-16,2,3,Enter Force.36,Nyam Gaming,Enter Force.36,Nyam Gaming,Midtown,Hybrid,bo5,https://liquipedia.net/overwatch/index.php?title=Overwatch_Champions_Series/2026/Asia/Stage_1/Japan/Regular_Season,group_stage_scrape
8,owcs_2026_asia_s1_japan,japan,2026,Stage 1,Week 1,March 16th,2026-03-16,3,1,Tokyo Ta1yo's,VARREL,VARREL,Tokyo Ta1yo's,Busan,Control,bo5,https://liquipedia.net/overwatch/index.php?title=Overwatch_Champions_Series/2026/Asia/Stage_1/Japan/Regular_Season,group_stage_scrape
9,owcs_2026_asia_s1_japan,japan,2026,Stage 1,Week 1,March 16th,2026-03-16,3,2,Tokyo Ta1yo's,VARREL,VARREL,Tokyo Ta1yo's,Runasapi,Push,bo5,https://liquipedia.net/overwatch/index.php?title=Overwatch_Champions_Series/2026/Asia/Stage_1/Japan/Regular_Season,group_stage_scrape
10,owcs_2026_asia_s1_japan,japan,2026,Stage 1,Week 1,March 16th,2026-03-16,3,3,Tokyo Ta1yo's,VARREL,VARREL,Tokyo Ta1yo's,Watchpoint: Gibraltar,Escort,bo5,https://liquipedia.net/overwatch/index.php?title=Overwatch_Champions_Series/2026/Asia/Stage_1/Japan/Regular_Season,group_stage_scrape
11,owcs_2026_asia_s1_japan,japan,2026,Stage 1,Week 1,March 17th,2026-03-17,4,1,Lazuli,99DIVINE,99DIVINE,Lazuli,Lijiang Tower,Control,bo5,https://liquipedia.net/overwatch/index.php?title=Overwatch_Champions_Series/2026/Asia/Stage_1/Japan/Regular_Season,group_stage_scrape
12,owcs_2026_asia_s1_japan,japan,2026,Stage 1,Week 1,March 17th,2026-03-17,4,2,Lazuli,99DIVINE,99DIVINE,Lazuli,Esperança,Push,bo5,https://liquipedia.net/overwatch/index.php?title=Overwatch_Champions_Series/2026/Asia/Stage_1/Japan/Regular_Season,group_stage_scrape
13,owcs_2026_asia_s1_japan,japan,2026,Stage 1,Week 1,March 17th,2026-03-17,4,3,Lazuli,99DIVINE,99DIVINE,Lazuli,Watchpoint: Gibraltar,Escort,bo5,https://liquipedia.net/overwatch/index.php?title=Overwatch_Champions_Series/2026/Asia/Stage_1/Japan/Regular_Season,group_stage_scrape
14,owcs_2026_asia_s1_japan,japan,2026,Stage 1,Week 1,March 17th,2026-03-17,5,1,Please Not Hero Ban,VARREL,VARREL,Please Not Hero Ban,Busan,Control,bo5,https://liquipedia.net/overwatch/index.php?title=Overwatch_Champions_Series/2026/Asia/Stage_1/Japan/Regular_Season,group_stage_scrape
15,owcs_2026_asia_s1_japan,japan,2026,Stage 1,Week 1,March 17th,2026-03-17,5,2,Please Not Hero Ban,VARREL,VARREL,Please Not Hero Ban,Esperança,Push,bo5,https://liquipedia.net/overwatch/index.php?title=Overwatch_Champions_Series/2026/Asia/Stage_1/Japan/Regular_Season,group_stage_scrape
16,owcs_2026_asia_s1_japan,japan,2026,Stage 1,Week 1,March 17th,2026-03-17,5,3,Please Not Hero Ban,VARREL,VARREL,Please Not Hero Ban,Blizzard World,Hybrid,bo5,https://liquipedia.net/overwatch/index.php?title=Overwatch_Champions_Series/2026/Asia/Stage_1/Japan/Regular_Season,group_stage_scrape
17,owcs_2026_asia_s1_japan,japan,2026,Stage 1,Week 1,March 17th,2026-03-17,6,1,Tokyo Ta1yo's,Nyam Gaming,Nyam Gaming,Tokyo Ta1yo's,Lijiang Tower,Control,bo5,https://liquipedia.net/overwatch/index.php?title=Overwatch_Champions_Series/2026/Asia/Stage_1/Japan/Regular_Season,group_stage_scrape
18,owcs_2026_asia_s1_japan,japan,2026,Stage 1,Week 1,March 17th,2026-03-17,6,2,Tokyo Ta1yo's,Nyam Gaming,Nyam Gaming,Tokyo Ta1yo's,Havana,Escort,bo5,https://liquipedia.net/overwatch/index.php?title=Overwatch_Champions_Series/2026/Asia/Stage_1/Japan/Regular_Season,group_stage_scrape
19,owcs_2026_asia_s1_japan,japan,2026,Stage 1,Week 1,March 17th,2026-03-17,6,3,Tokyo Ta1yo's,Nyam Gaming,Tokyo Ta1yo's,Nyam Gaming,Aatlis,Flashpoint,bo5,https://liquipedia.net/overwatch/index.php?title=Overwatch_Champions_Series/2026/Asia/Stage_1/Japan/Regular_Season,group_stage_scrape
20,owcs_2026_asia_s1_japan,japan,2026,Stage 1,Week 1,March 17th,2026-03-17,6,4,Tokyo Ta1yo's,Nyam Gaming,Nyam Gaming,Tokyo Ta1yo's,Numbani,Hybrid,bo5,https://liquipedia.net/overwatch/index.php?title=Overwatch_Champions_Series/2026/Asia/Stage_1/Japan/Regular_Season,group_stage_scrape
21,owcs_2026_asia_s1_japan,japan,2026,Stage 1,Week 2,March 23rd,2026-03-23,7,1,Please Not Hero Ban,Lazuli,Please Not Hero Ban,Lazuli,Busan,Control,bo5,https://liquipedia.net/overwatch/index.php?title=Overwatch_Champions_Series/2026/Asia/Stage_1/Japan/Regular_Season,group_stage_scrape
22,owcs_2026_asia_s1_japan,japan,2026,Stage 1,Week 2,March 23rd,2026-03-23,7,2,Please Not Hero Ban,Lazuli,Please Not Hero Ban,Lazuli,Runasapi,Push,bo5,https://liquipedia.net/overwatch/index.php?title=Overwatch_Champions_Series/2026/Asia/Stage_1/Japan/Regular_Season,group_stage_scrape
23,owcs_2026_asia_s1_japan,japan,2026,Stage 1,Week 2,March 23rd,2026-03-23,7,3,Please Not Hero Ban,Lazuli,Please Not Hero Ban,Lazuli,Rialto,Escort,bo5,https://liquipedia.net/overwatch/index.php?title=Overwatch_Champions_Series/2026/Asia/Stage_1/Japan/Regular_Season,group_stage_scrape
24,owcs_2026_asia_s1_japan,japan,2026,Stage 1,Week 2,March 23rd,2026-03-23,8,1,Tokyo Ta1yo's,99DIVINE,99DIVINE,Tokyo Ta1yo's,Oasis,Control,bo5,https://liquipedia.net/overwatch/index.php?title=Overwatch_Champions_Series/2026/Asia/Stage_1/Japan/Regular_Season,group_stage_scrape
25,owcs_2026_asia_s1_japan,japan,2026,Stage 1,Week 2,March 23rd,2026-03-23,8,2,Tokyo Ta1yo's,99DIVINE,99DIVINE,Tokyo Ta1yo's,Esperança,Push,bo5,https://liquipedia.net/overwatch/index.php?title=Overwatch_Champions_Series/2026/Asia/Stage_1/Japan/Regular_Season,group_stage_scrape
26,owcs_2026_asia_s1_japan,japan,2026,Stage 1,Week 2,March 23rd,2026-03-23,8,3,Tokyo Ta1yo's,99DIVINE,Tokyo Ta1yo's,99DIVINE,Blizzard World,Hybrid,bo5,https://liquipedia.net/overwatch/index.php?title=Overwatch_Champions_Series/2026/Asia/Stage_1/Japan/Regular_Season,group_stage_scrape
27,owcs_2026_asia_s1_japan,japan,2026,Stage 1,Week 2,March 23rd,2026-03-23,8,4,Tokyo Ta1yo's,99DIVINE,99DIVINE,Tokyo Ta1yo's,Watchpoint: Gibraltar,Escort,bo5,https://liquipedia.net/overwatch/index.php?title=Overwatch_Champions_Series/2026/Asia/Stage_1/Japan/Regular_Season,group_stage_scrape
28,owcs_2026_asia_s1_japan,japan,2026,Stage 1,Week 2,March 23rd,2026-03-23,9,1,VARREL,Enter Force.36,VARREL,Enter Force.36,Lijiang Tower,Control,bo5,https://liquipedia.net/overwatch/index.php?title=Overwatch_Champions_Series/2026/Asia/Stage_1/Japan/Regular_Season,group_stage_scrape
29,owcs_2026_asia_s1_japan,japan,2026,Stage 1,Week 2,March 23rd,2026-03-23,9,2,VARREL,Enter Force.36,Enter Force.36,VARREL,Esperança,Push,bo5,https://liquipedia.net/overwatch/index.php?title=Overwatch_Champions_Series/2026/Asia/Stage_1/Japan/Regular_Season,group_stage_scrape
30,owcs_2026_asia_s1_japan,japan,2026,Stage 1,Week 2,March 23rd,2026-03-23,9,3,VARREL,Enter Force.36,VARREL,Enter Force.36,Rialto,Escort,bo5,https://liquipedia.net/overwatch/index.php?title=Overwatch_Champions_Series/2026/Asia/Stage_1/Japan/Regular_Season,group_stage_scrape
31,owcs_2026_asia_s1_japan,japan,2026,Stage 1,Week 2,March 23rd,2026-03-23,9,4,VARREL,Enter Force.36,VARREL,Enter Force.36,Numbani,Hybrid,bo5,https://liquipedia.net/overwatch/index.php?title=Overwatch_Champions_Series/2026/Asia/Stage_1/Japan/Regular_Season,group_stage_scrape
32,owcs_2026_asia_s1_japan,japan,2026,Stage 1,Week 2,March 24th,2026-03-24,10,1,Telomere,Lazuli,Lazuli,Telomere,Lijiang Tower,Control,bo5,https://liquipedia.net/overwatch/index.php?title=Overwatch_Champions_Series/2026/Asia/Stage_1/Japan/Regular_Season,group_stage_scrape
33,owcs_2026_asia_s1_japan,japan,2026,Stage 1,Week 2,March 24th,2026-03-24,10,2,Telomere,Lazuli,Lazuli,Telomere,Numbani,Hybrid,bo5,https://liquipedia.net/overwatch/index.php?title=Overwatch_Champions_Series/2026/Asia/Stage_1/Japan/Regular_Season,group_stage_scrape
34,owcs_2026_asia_s1_japan,japan,2026,Stage 1,Week 2,March 24th,2026-03-24,10,3,Telomere,Lazuli,Lazuli,Telomere,Runasapi,Push,bo5,https://liquipedia.net/overwatch/index.php?title=Overwatch_Champions_Series/2026/Asia/Stage_1/Japan/Regular_Season,group_stage_scrape
35,owcs_2026_asia_s1_japan,japan,2026,Stage 1,Week 2,March 24th,2026-03-24,11,1,Tokyo Ta1yo's,Please Not Hero Ban,Please Not Hero Ban,Tokyo Ta1yo's,Oasis,Control,bo5,https://liquipedia.net/overwatch/index.php?title=Overwatch_Champions_Series/2026/Asia/Stage_1/Japan/Regular_Season,group_stage_scrape
36,owcs_2026_asia_s1_japan,japan,2026,Stage 1,Week 2,March 24th,2026-03-24,11,2,Tokyo Ta1yo's,Please Not Hero Ban,Tokyo Ta1yo's,Please Not Hero Ban,Suravasa,Flashpoint,bo5,https://liquipedia.net/overwatch/index.php?title=Overwatch_Champions_Series/2026/Asia/Stage_1/Japan/Regular_Season,group_stage_scrape
37,owcs_2026_asia_s1_japan,japan,2026,Stage 1,Week 2,March 24th,2026-03-24,11,3,Tokyo Ta1yo's,Please Not Hero Ban,Tokyo Ta1yo's,Please Not Hero Ban,Blizzard World,Hybrid,bo5,https://liquipedia.net/overwatch/index.php?title=Overwatch_Champions_Series/2026/Asia/Stage_1/Japan/Regular_Season,group_stage_scrape
38,owcs_2026_asia_s1_japan,japan,2026,Stage 1,Week 2,March 24th,2026-03-24,11,4,Tokyo Ta1yo's,Please Not Hero Ban,Please Not Hero Ban,Tokyo Ta1yo's,Rialto,Escort,bo5,https://liquipedia.net/overwatch/index.php?title=Overwatch_Champions_Series/2026/Asia/Stage_1/Japan/Regular_Season,group_stage_scrape
39,owcs_2026_asia_s1_japan,japan,2026,Stage 1,Week 2,March 24th,2026-03-24,11,5,Tokyo Ta1yo's,Please Not Hero Ban,Please Not Hero Ban,Tokyo Ta1yo's,Esperança,Push,bo5,https://liquipedia.net/overwatch/index.php?title=Overwatch_Champions_Series/2026/Asia/Stage_1/Japan/Regular_Season,group_stage_scrape
40,owcs_2026_asia_s1_japan,japan,2026,Stage 1,Week 2,March 24th,2026-03-24,12,1,99DIVINE,Enter Force.36,Enter Force.36,99DIVINE,Oasis,Control,bo5,https://liquipedia.net/overwatch/index.php?title=Overwatch_Champions_Series/2026/Asia/Stage_1/Japan/Regular_Season,group_stage_scrape
41,owcs_2026_asia_s1_japan,japan,2026,Stage 1,Week 2,March 24th,2026-03-24,12,2,99DIVINE,Enter Force.36,Enter Force.36,99DIVINE,Esperança,Push,bo5,https://liquipedia.net/overwatch/index.php?title=Overwatch_Champions_Series/2026/Asia/Stage_1/Japan/Regular_Season,group_stage_scrape
42,owcs_2026_asia_s1_japan,japan,2026,Stage 1,Week 2,March 24th,2026-03-24,12,3,99DIVINE,Enter Force.36,Enter Force.36,99DIVINE,Watchpoint: Gibraltar,Escort,bo5,https://liquipedia.net/overwatch/index.php?title=Overwatch_Champions_Series/2026/Asia/Stage_1/Japan/Regular_Season,group_stage_scrape
43,owcs_2026_asia_s1_japan,japan,2026,Stage 1,Week 3,March 30th,2026-03-30,13,1,99DIVINE,Please Not Hero Ban,Please Not Hero Ban,99DIVINE,Busan,Control,bo5,https://liquipedia.net/overwatch/index.php?title=Overwatch_Champions_Series/2026/Asia/Stage_1/Japan/Regular_Season,group_stage_scrape
44,owcs_2026_asia_s1_japan,japan,2026,Stage 1,Week 3,March 30th,2026-03-30,13,2,99DIVINE,Please Not Hero Ban,99DIVINE,Please Not Hero Ban,Rialto,Escort,bo5,https://liquipedia.net/overwatch/index.php?title=Overwatch_Champions_Series/2026/Asia/Stage_1/Japan/Regular_Season,group_stage_scrape
45,owcs_2026_asia_s1_japan,japan,2026,Stage 1,Week 3,March 30th,2026-03-30,13,3,99DIVINE,Please Not Hero Ban,Please Not Hero Ban,99DIVINE,Esperança,Push,bo5,https://liquipedia.net/overwatch/index.php?title=Overwatch_Champions_Series/2026/Asia/Stage_1/Japan/Regular_Season,group_stage_scrape
46,owcs_2026_asia_s1_japan,japan,2026,Stage 1,Week 3,March 30th,2026-03-30,13,4,99DIVINE,Please Not Hero Ban,Please Not Hero Ban,99DIVINE,Midtown,Hybrid,bo5,https://liquipedia.net/overwatch/index.php?title=Overwatch_Champions_Series/2026/Asia/Stage_1/Japan/Regular_Season,group_stage_scrape
47,owcs_2026_asia_s1_japan,japan,2026,Stage 1,Week 3,March 30th,2026-03-30,14,1,Telomere,Enter Force.36,Enter Force.36,Telomere,Lijiang Tower,Control,bo5,https://liquipedia.net/overwatch/index.php?title=Overwatch_Champions_Series/2026/Asia/Stage_1/Japan/Regular_Season,group_stage_scrape
48,owcs_2026_asia_s1_japan,japan,2026,Stage 1,Week 3,March 30th,2026-03-30,14,2,Telomere,Enter Force.36,Enter Force.36,Telomere,Aatlis,Flashpoint,bo5,https://liquipedia.net/overwatch/index.php?title=Overwatch_Champions_Series/2026/Asia/Stage_1/Japan/Regular_Season,group_stage_scrape
49,owcs_2026_asia_s1_japan,japan,2026,Stage 1,Week 3,March 30th,2026-03-30,14,3,Telomere,Enter Force.36,Enter Force.36,Telomere,Blizzard World,Hybrid,bo5,https://liquipedia.net/overwatch/index.php?title=Overwatch_Champions_Series/2026/Asia/Stage_1/Japan/Regular_Season,group_stage_scrape
50,owcs_2026_asia_s1_japan,japan,2026,Stage 1,Week 3,March 30th,2026-03-30,15,1,VARREL,Nyam Gaming,VARREL,Nyam Gaming,Busan,Control,bo5,https://liquipedia.net/overwatch/index.php?title=Overwatch_Champions_Series/2026/Asia/Stage_1/Japan/Regular_Season,group_stage_scrape
51,owcs_2026_asia_s1_japan,japan,2026,Stage 1,Week 3,March 30th,2026-03-30,15,2,VARREL,Nyam Gaming,VARREL,Nyam Gaming,Aatlis,Flashpoint,bo5,https://liquipedia.net/overwatch/index.php?title=Overwatch_Champions_Series/2026/Asia/Stage_1/Japan/Regular_Season,group_stage_scrape
52,owcs_2026_asia_s1_japan,japan,2026,Stage 1,Week 3,March 30th,2026-03-30,15,3,VARREL,Nyam Gaming,VARREL,Nyam Gaming,Havana,Escort,bo5,https://liquipedia.net/overwatch/index.php?title=Overwatch_Champions_Series/2026/Asia/Stage_1/Japan/Regular_Season,group_stage_scrape
53,owcs_2026_asia_s1_japan,japan,2026,Stage 1,Week 3,March 31st,2026-03-31,16,1,VARREL,Lazuli,VARREL,Lazuli,Oasis,Control,bo5,https://liquipedia.net/overwatch/index.php?title=Overwatch_Champions_Series/2026/Asia/Stage_1/Japan/Regular_Season,group_stage_scrape
54,owcs_2026_asia_s1_japan,japan,2026,Stage 1,Week 3,March 31st,2026-03-31,16,2,VARREL,Lazuli,VARREL,Lazuli,Numbani,Hybrid,bo5,https://liquipedia.net/overwatch/index.php?title=Overwatch_Champions_Series/2026/Asia/Stage_1/Japan/Regular_Season,group_stage_scrape
55,owcs_2026_asia_s1_japan,japan,2026,Stage 1,Week 3,March 31st,2026-03-31,16,3,VARREL,Lazuli,VARREL,Lazuli,Havana,Escort,bo5,https://liquipedia.net/overwatch/index.php?title=Overwatch_Champions_Series/2026/Asia/Stage_1/Japan/Regular_Season,group_stage_scrape
56,owcs_2026_asia_s1_japan,japan,2026,Stage 1,Week 3,March 31st,2026-03-31,17,1,Telomere,Nyam Gaming,Nyam Gaming,Telomere,Busan,Control,bo5,https://liquipedia.net/overwatch/index.php?title=Overwatch_Champions_Series/2026/Asia/Stage_1/Japan/Regular_Season,group_stage_scrape
57,owcs_2026_asia_s1_japan,japan,2026,Stage 1,Week 3,March 31st,2026-03-31,17,2,Telomere,Nyam Gaming,Nyam Gaming,Telomere,Watchpoint: Gibraltar,Escort,bo5,https://liquipedia.net/overwatch/index.php?title=Overwatch_Champions_Series/2026/Asia/Stage_1/Japan/Regular_Season,group_stage_scrape
58,owcs_2026_asia_s1_japan,japan,2026,Stage 1,Week 3,March 31st,2026-03-31,17,3,Telomere,Nyam Gaming,Telomere,Nyam Gaming,Aatlis,Flashpoint,bo5,https://liquipedia.net/overwatch/index.php?title=Overwatch_Champions_Series/2026/Asia/Stage_1/Japan/Regular_Season,group_stage_scrape
59,owcs_2026_asia_s1_japan,japan,2026,Stage 1,Week 3,March 31st,2026-03-31,17,4,Telomere,Nyam Gaming,Nyam Gaming,Telomere,Numbani,Hybrid,bo5,https://liquipedia.net/overwatch/index.php?title=Overwatch_Champions_Series/2026/Asia/Stage_1/Japan/Regular_Season,group_stage_scrape
60,owcs_2026_asia_s1_japan,japan,2026,Stage 1,Week 3,March 31st,2026-03-31,18,1,Enter Force.36,Tokyo Ta1yo's,Tokyo Ta1yo's,Enter Force.36,Lijiang Tower,Control,bo5,https://liquipedia.net/overwatch/index.php?title=Overwatch_Champions_Series/2026/Asia/Stage_1/Japan/Regular_Season,group_stage_scrape
61,owcs_2026_asia_s1_japan,japan,2026,Stage 1,Week 3,March 31st,2026-03-31,18,2,Enter Force.36,Tokyo Ta1yo's,Tokyo Ta1yo's,Enter Force.36,Esperança,Push,bo5,https://liquipedia.net/overwatch/index.php?title=Overwatch_Champions_Series/2026/Asia/Stage_1/Japan/Regular_Season,group_stage_scrape
62,owcs_2026_asia_s1_japan,japan,2026,Stage 1,Week 3,March 31st,2026-03-31,18,3,Enter Force.36,Tokyo Ta1yo's,Enter Force.36,Tokyo Ta1yo's,Watchpoint: Gibraltar,Escort,bo5,https://liquipedia.net/overwatch/index.php?title=Overwatch_Champions_Series/2026/Asia/Stage_1/Japan/Regular_Season,group_stage_scrape
63,owcs_2026_asia_s1_japan,japan,2026,Stage 1,Week 3,March 31st,2026-03-31,18,4,Enter Force.36,Tokyo Ta1yo's,Enter Force.36,Tokyo Ta1yo's,Blizzard World,Hybrid,bo5,https://liquipedia.net/overwatch/index.php?title=Overwatch_Champions_Series/2026/Asia/Stage_1/Japan/Regular_Season,group_stage_scrape
64,owcs_2026_asia_s1_japan,japan,2026,Stage 1,Week 3,March 31st,2026-03-31,18,5,Enter Force.36,Tokyo Ta1yo's,Tokyo Ta1yo's,Enter Force.36,Suravasa,Flashpoint,bo5,https://liquipedia.net/overwatch/index.php?title=Overwatch_Champions_Series/2026/Asia/Stage_1/Japan/Regular_Season,group_stage_scrape
65,owcs_2026_asia_s1_japan,japan,2026,Stage 1,Week 4,April 6th,2026-04-06,19,1,99DIVINE,Nyam Gaming,Nyam Gaming,99DIVINE,Lijiang Tower,Control,bo5,https://liquipedia.net/overwatch/index.php?title=Overwatch_Champions_Series/2026/Asia/Stage_1/Japan/Regular_Season,group_stage_scrape
66,owcs_2026_asia_s1_japan,japan,2026,Stage 1,Week 4,April 6th,2026-04-06,19,2,99DIVINE,Nyam Gaming,99DIVINE,Nyam Gaming,Blizzard World,Hybrid,bo5,https://liquipedia.net/overwatch/index.php?title=Overwatch_Champions_Series/2026/Asia/Stage_1/Japan/Regular_Season,group_stage_scrape
67,owcs_2026_asia_s1_japan,japan,2026,Stage 1,Week 4,April 6th,2026-04-06,19,3,99DIVINE,Nyam Gaming,99DIVINE,Nyam Gaming,Suravasa,Flashpoint,bo5,https://liquipedia.net/overwatch/index.php?title=Overwatch_Champions_Series/2026/Asia/Stage_1/Japan/Regular_Season,group_stage_scrape
68,owcs_2026_asia_s1_japan,japan,2026,Stage 1,Week 4,April 6th,2026-04-06,19,4,99DIVINE,Nyam Gaming,99DIVINE,Nyam Gaming,Rialto,Escort,bo5,https://liquipedia.net/overwatch/index.php?title=Overwatch_Champions_Series/2026/Asia/Stage_1/Japan/Regular_Season,group_stage_scrape
69,owcs_2026_asia_s1_japan,japan,2026,Stage 1,Week 4,April 6th,2026-04-06,20,1,VARREL,Telomere,VARREL,Telomere,Busan,Control,bo5,https://liquipedia.net/overwatch/index.php?title=Overwatch_Champions_Series/2026/Asia/Stage_1/Japan/Regular_Season,group_stage_scrape
70,owcs_2026_asia_s1_japan,japan,2026,Stage 1,Week 4,April 6th,2026-04-06,20,2,VARREL,Telomere,VARREL,Telomere,Rialto,Escort,bo5,https://liquipedia.net/overwatch/index.php?title=Overwatch_Champions_Series/2026/Asia/Stage_1/Japan/Regular_Season,group_stage_scrape
71,owcs_2026_asia_s1_japan,japan,2026,Stage 1,Week 4,April 6th,2026-04-06,20,3,VARREL,Telomere,VARREL,Telomere,Runasapi,Push,bo5,https://liquipedia.net/overwatch/index.php?title=Overwatch_Champions_Series/2026/Asia/Stage_1/Japan/Regular_Season,group_stage_scrape
72,owcs_2026_asia_s1_japan,japan,2026,Stage 1,Week 4,April 6th,2026-04-06,21,1,Lazuli,Enter Force.36,Enter Force.36,Lazuli,Oasis,Control,bo5,https://liquipedia.net/overwatch/index.php?title=Overwatch_Champions_Series/2026/Asia/Stage_1/Japan/Regular_Season,group_stage_scrape
73,owcs_2026_asia_s1_japan,japan,2026,Stage 1,Week 4,April 6th,2026-04-06,21,2,Lazuli,Enter Force.36,Enter Force.36,Lazuli,Runasapi,Push,bo5,https://liquipedia.net/overwatch/index.php?title=Overwatch_Champions_Series/2026/Asia/Stage_1/Japan/Regular_Season,group_stage_scrape
74,owcs_2026_asia_s1_japan,japan,2026,Stage 1,Week 4,April 6th,2026-04-06,21,3,Lazuli,Enter Force.36,Enter Force.36,Lazuli,Havana,Escort,bo5,https://liquipedia.net/overwatch/index.php?title=Overwatch_Champions_Series/2026/Asia/Stage_1/Japan/Regular_Season,group_stage_scrape
75,owcs_2026_asia_s1_japan,japan,2026,Stage 1,Week 4,April 7th,2026-04-07,22,1,Please Not Hero Ban,Nyam Gaming,Please Not Hero Ban,Nyam Gaming,Oasis,Control,bo5,https://liquipedia.net/overwatch/index.php?title=Overwatch_Champions_Series/2026/Asia/Stage_1/Japan/Regular_Season,group_stage_scrape
76,owcs_2026_asia_s1_japan,japan,2026,Stage 1,Week 4,April 7th,2026-04-07,22,2,Please Not Hero Ban,Nyam Gaming,Please Not Hero Ban,Nyam Gaming,Aatlis,Flashpoint,bo5,https://liquipedia.net/overwatch/index.php?title=Overwatch_Champions_Series/2026/Asia/Stage_1/Japan/Regular_Season,group_stage_scrape
77,owcs_2026_asia_s1_japan,japan,2026,Stage 1,Week 4,April 7th,2026-04-07,22,3,Please Not Hero Ban,Nyam Gaming,Please Not Hero Ban,Nyam Gaming,Rialto,Escort,bo5,https://liquipedia.net/overwatch/index.php?title=Overwatch_Champions_Series/2026/Asia/Stage_1/Japan/Regular_Season,group_stage_scrape
78,owcs_2026_asia_s1_japan,japan,2026,Stage 1,Week 4,April 7th,2026-04-07,23,1,Lazuli,Tokyo Ta1yo's,Lazuli,Tokyo Ta1yo's,Lijiang Tower,Control,bo5,https://liquipedia.net/overwatch/index.php?title=Overwatch_Champions_Series/2026/Asia/Stage_1/Japan/Regular_Season,group_stage_scrape
79,owcs_2026_asia_s1_japan,japan,2026,Stage 1,Week 4,April 7th,2026-04-07,23,2,Lazuli,Tokyo Ta1yo's,Tokyo Ta1yo's,Lazuli,Suravasa,Flashpoint,bo5,https://liquipedia.net/overwatch/index.php?title=Overwatch_Champions_Series/2026/Asia/Stage_1/Japan/Regular_Season,group_stage_scrape
80,owcs_2026_asia_s1_japan,japan,2026,Stage 1,Week 4,April 7th,2026-04-07,23,3,Lazuli,Tokyo Ta1yo's,Tokyo Ta1yo's,Lazuli,Watchpoint: Gibraltar,Escort,bo5,https://liquipedia.net/overwatch/index.php?title=Overwatch_Champions_Series/2026/Asia/Stage_1/Japan/Regular_Season,group_stage_scrape
81,owcs_2026_asia_s1_japan,japan,2026,Stage 1,Week 4,April 7th,2026-04-07,23,4,Lazuli,Tokyo Ta1yo's,Tokyo Ta1yo's,Lazuli,Numbani,Hybrid,bo5,https://liquipedia.net/overwatch/index.php?title=Overwatch_Champions_Series/2026/Asia/Stage_1/Japan/Regular_Season,group_stage_scrape
82,owcs_2026_asia_s1_japan,japan,2026,Stage 1,Week 4,April 7th,2026-04-07,24,1,99DIVINE,Telomere,Telomere,99DIVINE,Busan,Control,bo5,https://liquipedia.net/overwatch/index.php?title=Overwatch_Champions_Series/2026/Asia/Stage_1/Japan/Regular_Season,group_stage_scrape
83,owcs_2026_asia_s1_japan,japan,2026,Stage 1,Week 4,April 7th,2026-04-07,24,2,99DIVINE,Telomere,99DIVINE,Telomere,Rialto,Escort,bo5,https://liquipedia.net/overwatch/index.php?title=Overwatch_Champions_Series/2026/Asia/Stage_1/Japan/Regular_Season,group_stage_scrape
84,owcs_2026_asia_s1_japan,japan,2026,Stage 1,Week 4,April 7th,2026-04-07,24,3,99DIVINE,Telomere,99DIVINE,Telomere,Aatlis,Flashpoint,bo5,https://liquipedia.net/overwatch/index.php?title=Overwatch_Champions_Series/2026/Asia/Stage_1/Japan/Regular_Season,group_stage_scrape
85,owcs_2026_asia_s1_japan,japan,2026,Stage 1,Week 4,April 7th,2026-04-07,24,4,99DIVINE,Telomere,99DIVINE,Telomere,Numbani,Hybrid,bo5,https://liquipedia.net/overwatch/index.php?title=Overwatch_Champions_Series/2026/Asia/Stage_1/Japan/Regular_Season,group_stage_scrape
86,owcs_2026_asia_s1_japan,japan,2026,Stage 1,Week 4,April 8th,2026-04-08,25,1,Please Not Hero Ban,Enter Force.36,Enter Force.36,Please Not Hero Ban,Lijiang Tower,Control,bo5,https://liquipedia.net/overwatch/index.php?title=Overwatch_Champions_Series/2026/Asia/Stage_1/Japan/Regular_Season,group_stage_scrape
87,owcs_2026_asia_s1_japan,japan,2026,Stage 1,Week 4,April 8th,2026-04-08,25,2,Please Not Hero Ban,Enter Force.36,Enter Force.36,Please Not Hero Ban,Esperanca,Push,bo5,https://liquipedia.net/overwatch/index.php?title=Overwatch_Champions_Series/2026/Asia/Stage_1/Japan/Regular_Season,group_stage_scrape
88,owcs_2026_asia_s1_japan,japan,2026,Stage 1,Week 4,April 8th,2026-04-08,25,3,Please Not Hero Ban,Enter Force.36,Enter Force.36,Please Not Hero Ban,Blizzard World,Hybrid,bo5,https://liquipedia.net/overwatch/index.php?title=Overwatch_Champions_Series/2026/Asia/Stage_1/Japan/Regular_Season,group_stage_scrape
89,owcs_2026_asia_s1_japan,japan,2026,Stage 1,Week 4,April 8th,2026-04-08,26,1,Lazuli,Nyam Gaming,Nyam Gaming,Lazuli,Oasis,Control,bo5,https://liquipedia.net/overwatch/index.php?title=Overwatch_Champions_Series/2026/Asia/Stage_1/Japan/Regular_Season,group_stage_scrape
90,owcs_2026_asia_s1_japan,japan,2026,Stage 1,Week 4,April 8th,2026-04-08,26,2,Lazuli,Nyam Gaming,Lazuli,Nyam Gaming,Suravasa,Flashpoint,bo5,https://liquipedia.net/overwatch/index.php?title=Overwatch_Champions_Series/2026/Asia/Stage_1/Japan/Regular_Season,group_stage_scrape
91,owcs_2026_asia_s1_japan,japan,2026,Stage 1,Week 4,April 8th,2026-04-08,26,3,Lazuli,Nyam Gaming,Nyam Gaming,Lazuli,Watchpoint: Gibraltar,Escort,bo5,https://liquipedia.net/overwatch/index.php?title=Overwatch_Champions_Series/2026/Asia/Stage_1/Japan/Regular_Season,group_stage_scrape
92,owcs_2026_asia_s1_japan,japan,2026,Stage 1,Week 4,April 8th,2026-04-08,26,4,Lazuli,Nyam Gaming,Lazuli,Nyam Gaming,Blizzard World,Hybrid,bo5,https://liquipedia.net/overwatch/index.php?title=Overwatch_Champions_Series/2026/Asia/Stage_1/Japan/Regular_Season,group_stage_scrape
93,owcs_2026_asia_s1_japan,japan,2026,Stage 1,Week 4,April 8th,2026-04-08,26,5,Lazuli,Nyam Gaming,Lazuli,Nyam Gaming,Esperança,Push,bo5,https://liquipedia.net/overwatch/index.php?title=Overwatch_Champions_Series/2026/Asia/Stage_1/Japan/Regular_Season,group_stage_scrape
94,owcs_2026_asia_s1_japan,japan,2026,Stage 1,Week 4,April 8th,2026-04-08,27,1,VARREL,99DIVINE,VARREL,99DIVINE,Busan,Control,bo5,https://liquipedia.net/overwatch/index.php?title=Overwatch_Champions_Series/2026/Asia/Stage_1/Japan/Regular_Season,group_stage_scrape
95,owcs_2026_asia_s1_japan,japan,2026,Stage 1,Week 4,April 8th,2026-04-08,27,2,VARREL,99DIVINE,VARREL,99DIVINE,Rialto,Escort,bo5,https://liquipedia.net/overwatch/index.php?title=Overwatch_Champions_Series/2026/Asia/Stage_1/Japan/Regular_Season,group_stage_scrape
96,owcs_2026_asia_s1_japan,japan,2026,Stage 1,Week 4,April 8th,2026-04-08,27,3,VARREL,99DIVINE,VARREL,99DIVINE,Aatlis,Flashpoint,bo5,https://liquipedia.net/overwatch/index.php?title=Overwatch_Champions_Series/2026/Asia/Stage_1/Japan/Regular_Season,group_stage_scrape
97,owcs_2026_asia_s1_japan,japan,2026,Stage 1,Week 4,April 8th,2026-04-08,28,1,Tokyo Ta1yo's,Telomere,Tokyo Ta1yo's,Telomere,Lijiang Tower,Control,bo5,https://liquipedia.net/overwatch/index.php?title=Overwatch_Champions_Series/2026/Asia/Stage_1/Japan/Regular_Season,group_stage_scrape
98,owcs_2026_asia_s1_japan,japan,2026,Stage 1,Week 4,April 8th,2026-04-08,28,2,Tokyo Ta1yo's,Telomere,Tokyo Ta1yo's,Telomere,Blizzard World,Hybrid,bo5,https://liquipedia.net/overwatch/index.php?title=Overwatch_Champions_Series/2026/Asia/Stage_1/Japan/Regular_Season,group_stage_scrape
99,owcs_2026_asia_s1_japan,japan,2026,Stage 1,Week 4,April 8th,2026-04-08,28,3,Tokyo Ta1yo's,Telomere,Tokyo Ta1yo's,Telomere,Aatlis,Flashpoint,bo5,https://liquipedia.net/overwatch/index.php?title=Overwatch_Champions_Series/2026/Asia/Stage_1/Japan/Regular_Season,group_stage_scrape
100,owcs_2026_asia_s1_korea,korea,2026,Stage 1,Week 1,March 20th,2026-03-20,1,1,Cheeseburger,Poker Face,Poker Face,Cheeseburger,Busan,Control,bo5,https://liquipedia.net/overwatch/index.php?title=Overwatch_Champions_Series/2026/Asia/Stage_1/Korea/Regular_Season,group_stage_scrape
101,owcs_2026_asia_s1_korea,korea,2026,Stage 1,Week 1,March 20th,2026-03-20,1,2,Cheeseburger,Poker Face,Poker Face,Cheeseburger,Runasapi,Push,bo5,https://liquipedia.net/overwatch/index.php?title=Overwatch_Champions_Series/2026/Asia/Stage_1/Korea/Regular_Season,group_stage_scrape
102,owcs_2026_asia_s1_korea,korea,2026,Stage 1,Week 1,March 20th,2026-03-20,1,3,Cheeseburger,Poker Face,Poker Face,Cheeseburger,Numbani,Hybrid,bo5,https://liquipedia.net/overwatch/index.php?title=Overwatch_Champions_Series/2026/Asia/Stage_1/Korea/Regular_Season,group_stage_scrape
103,owcs_2026_asia_s1_korea,korea,2026,Stage 1,Week 1,March 20th,2026-03-20,2,1,Crazy Raccoon,ZETA DIVISION,ZETA DIVISION,Crazy Raccoon,Busan,Control,bo5,https://liquipedia.net/overwatch/index.php?title=Overwatch_Champions_Series/2026/Asia/Stage_1/Korea/Regular_Season,group_stage_scrape
104,owcs_2026_asia_s1_korea,korea,2026,Stage 1,Week 1,March 20th,2026-03-20,2,2,Crazy Raccoon,ZETA DIVISION,ZETA DIVISION,Crazy Raccoon,Suravasa,Flashpoint,bo5,https://liquipedia.net/overwatch/index.php?title=Overwatch_Champions_Series/2026/Asia/Stage_1/Korea/Regular_Season,group_stage_scrape
105,owcs_2026_asia_s1_korea,korea,2026,Stage 1,Week 1,March 20th,2026-03-20,2,3,Crazy Raccoon,ZETA DIVISION,Crazy Raccoon,ZETA DIVISION,Havana,Escort,bo5,https://liquipedia.net/overwatch/index.php?title=Overwatch_Champions_Series/2026/Asia/Stage_1/Korea/Regular_Season,group_stage_scrape
106,owcs_2026_asia_s1_korea,korea,2026,Stage 1,Week 1,March 20th,2026-03-20,2,4,Crazy Raccoon,ZETA DIVISION,ZETA DIVISION,Crazy Raccoon,Blizzard World,Escort,bo5,https://liquipedia.net/overwatch/index.php?title=Overwatch_Champions_Series/2026/Asia/Stage_1/Korea/Regular_Season,group_stage_scrape
107,owcs_2026_asia_s1_korea,korea,2026,Stage 1,Week 1,March 20th,2026-03-20,3,1,ZAN Esports,ONSIDE GAMING,ZAN Esports,ONSIDE GAMING,Busan,Control,bo5,https://liquipedia.net/overwatch/index.php?title=Overwatch_Champions_Series/2026/Asia/Stage_1/Korea/Regular_Season,group_stage_scrape
108,owcs_2026_asia_s1_korea,korea,2026,Stage 1,Week 1,March 20th,2026-03-20,3,2,ZAN Esports,ONSIDE GAMING,ONSIDE GAMING,ZAN Esports,Runasapi,Push,bo5,https://liquipedia.net/overwatch/index.php?title=Overwatch_Champions_Series/2026/Asia/Stage_1/Korea/Regular_Season,group_stage_scrape
109,owcs_2026_asia_s1_korea,korea,2026,Stage 1,Week 1,March 20th,2026-03-20,3,3,ZAN Esports,ONSIDE GAMING,ONSIDE GAMING,ZAN Esports,Midtown,Hybrid,bo5,https://liquipedia.net/overwatch/index.php?title=Overwatch_Champions_Series/2026/Asia/Stage_1/Korea/Regular_Season,group_stage_scrape
110,owcs_2026_asia_s1_korea,korea,2026,Stage 1,Week 1,March 20th,2026-03-20,3,4,ZAN Esports,ONSIDE GAMING,ZAN Esports,ONSIDE GAMING,Havana,Escort,bo5,https://liquipedia.net/overwatch/index.php?title=Overwatch_Champions_Series/2026/Asia/Stage_1/Korea/Regular_Season,group_stage_scrape
111,owcs_2026_asia_s1_korea,korea,2026,Stage 1,Week 1,March 20th,2026-03-20,3,5,ZAN Esports,ONSIDE GAMING,ONSIDE GAMING,ZAN Esports,Aatlis,Flashpoint,bo5,https://liquipedia.net/overwatch/index.php?title=Overwatch_Champions_Series/2026/Asia/Stage_1/Korea/Regular_Season,group_stage_scrape
112,owcs_2026_asia_s1_korea,korea,2026,Stage 1,Week 1,March 21st,2026-03-21,4,1,New Era,T1,T1,New Era,Lijiang Tower,Control,bo5,https://liquipedia.net/overwatch/index.php?title=Overwatch_Champions_Series/2026/Asia/Stage_1/Korea/Regular_Season,group_stage_scrape
113,owcs_2026_asia_s1_korea,korea,2026,Stage 1,Week 1,March 21st,2026-03-21,4,2,New Era,T1,T1,New Era,Blizzard World,Hybrid,bo5,https://liquipedia.net/overwatch/index.php?title=Overwatch_Champions_Series/2026/Asia/Stage_1/Korea/Regular_Season,group_stage_scrape
114,owcs_2026_asia_s1_korea,korea,2026,Stage 1,Week 1,March 21st,2026-03-21,4,3,New Era,T1,T1,New Era,Suravasa,Flashpoint,bo5,https://liquipedia.net/overwatch/index.php?title=Overwatch_Champions_Series/2026/Asia/Stage_1/Korea/Regular_Season,group_stage_scrape
115,owcs_2026_asia_s1_korea,korea,2026,Stage 1,Week 1,March 21st,2026-03-21,5,1,Cheeseburger,Team Falcons,Team Falcons,Cheeseburger,Oasis,Control,bo5,https://liquipedia.net/overwatch/index.php?title=Overwatch_Champions_Series/2026/Asia/Stage_1/Korea/Regular_Season,group_stage_scrape
116,owcs_2026_asia_s1_korea,korea,2026,Stage 1,Week 1,March 21st,2026-03-21,5,2,Cheeseburger,Team Falcons,Team Falcons,Cheeseburger,Watchpoint: Gibraltar,Escort,bo5,https://liquipedia.net/overwatch/index.php?title=Overwatch_Champions_Series/2026/Asia/Stage_1/Korea/Regular_Season,group_stage_scrape
117,owcs_2026_asia_s1_korea,korea,2026,Stage 1,Week 1,March 21st,2026-03-21,5,3,Cheeseburger,Team Falcons,Team Falcons,Cheeseburger,Suravasa,Flashpoint,bo5,https://liquipedia.net/overwatch/index.php?title=Overwatch_Champions_Series/2026/Asia/Stage_1/Korea/Regular_Season,group_stage_scrape
118,owcs_2026_asia_s1_korea,korea,2026,Stage 1,Week 1,March 21st,2026-03-21,6,1,ZAN Esports,Crazy Raccoon,Crazy Raccoon,ZAN Esports,Lijiang Tower,Control,bo5,https://liquipedia.net/overwatch/index.php?title=Overwatch_Champions_Series/2026/Asia/Stage_1/Korea/Regular_Season,group_stage_scrape
119,owcs_2026_asia_s1_korea,korea,2026,Stage 1,Week 1,March 21st,2026-03-21,6,2,ZAN Esports,Crazy Raccoon,Crazy Raccoon,ZAN Esports,Havana,Escort,bo5,https://liquipedia.net/overwatch/index.php?title=Overwatch_Champions_Series/2026/Asia/Stage_1/Korea/Regular_Season,group_stage_scrape
120,owcs_2026_asia_s1_korea,korea,2026,Stage 1,Week 1,March 21st,2026-03-21,6,3,ZAN Esports,Crazy Raccoon,ZAN Esports,Crazy Raccoon,Esperança,Push,bo5,https://liquipedia.net/overwatch/index.php?title=Overwatch_Champions_Series/2026/Asia/Stage_1/Korea/Regular_Season,group_stage_scrape
121,owcs_2026_asia_s1_korea,korea,2026,Stage 1,Week 1,March 21st,2026-03-21,6,4,ZAN Esports,Crazy Raccoon,Crazy Raccoon,ZAN Esports,Midtown,Hybrid,bo5,https://liquipedia.net/overwatch/index.php?title=Overwatch_Champions_Series/2026/Asia/Stage_1/Korea/Regular_Season,group_stage_scrape
122,owcs_2026_asia_s1_korea,korea,2026,Stage 1,Week 1,March 22nd,2026-03-22,7,1,Poker Face,New Era,Poker Face,New Era,Busan,Control,bo5,https://liquipedia.net/overwatch/index.php?title=Overwatch_Champions_Series/2026/Asia/Stage_1/Korea/Regular_Season,group_stage_scrape
123,owcs_2026_asia_s1_korea,korea,2026,Stage 1,Week 1,March 22nd,2026-03-22,7,2,Poker Face,New Era,Poker Face,New Era,Rialto,Escort,bo5,https://liquipedia.net/overwatch/index.php?title=Overwatch_Champions_Series/2026/Asia/Stage_1/Korea/Regular_Season,group_stage_scrape
124,owcs_2026_asia_s1_korea,korea,2026,Stage 1,Week 1,March 22nd,2026-03-22,7,3,Poker Face,New Era,Poker Face,New Era,Midtown,Hybrid,bo5,https://liquipedia.net/overwatch/index.php?title=Overwatch_Champions_Series/2026/Asia/Stage_1/Korea/Regular_Season,group_stage_scrape
125,owcs_2026_asia_s1_korea,korea,2026,Stage 1,Week 1,March 22nd,2026-03-22,8,1,ONSIDE GAMING,T1,ONSIDE GAMING,T1,Busan,Control,bo5,https://liquipedia.net/overwatch/index.php?title=Overwatch_Champions_Series/2026/Asia/Stage_1/Korea/Regular_Season,group_stage_scrape
126,owcs_2026_asia_s1_korea,korea,2026,Stage 1,Week 1,March 22nd,2026-03-22,8,2,ONSIDE GAMING,T1,T1,ONSIDE GAMING,Rialto,Escort,bo5,https://liquipedia.net/overwatch/index.php?title=Overwatch_Champions_Series/2026/Asia/Stage_1/Korea/Regular_Season,group_stage_scrape
127,owcs_2026_asia_s1_korea,korea,2026,Stage 1,Week 1,March 22nd,2026-03-22,8,3,ONSIDE GAMING,T1,T1,ONSIDE GAMING,Aatlis,Flashpoint,bo5,https://liquipedia.net/overwatch/index.php?title=Overwatch_Champions_Series/2026/Asia/Stage_1/Korea/Regular_Season,group_stage_scrape
128,owcs_2026_asia_s1_korea,korea,2026,Stage 1,Week 1,March 22nd,2026-03-22,8,4,ONSIDE GAMING,T1,ONSIDE GAMING,T1,Numbani,Hybrid,bo5,https://liquipedia.net/overwatch/index.php?title=Overwatch_Champions_Series/2026/Asia/Stage_1/Korea/Regular_Season,group_stage_scrape
129,owcs_2026_asia_s1_korea,korea,2026,Stage 1,Week 1,March 22nd,2026-03-22,8,5,ONSIDE GAMING,T1,ONSIDE GAMING,T1,Runasapi,Push,bo5,https://liquipedia.net/overwatch/index.php?title=Overwatch_Champions_Series/2026/Asia/Stage_1/Korea/Regular_Season,group_stage_scrape
130,owcs_2026_asia_s1_korea,korea,2026,Stage 1,Week 1,March 22nd,2026-03-22,9,1,ZETA DIVISION,Team Falcons,ZETA DIVISION,Team Falcons,Lijiang Tower,Control,bo5,https://liquipedia.net/overwatch/index.php?title=Overwatch_Champions_Series/2026/Asia/Stage_1/Korea/Regular_Season,group_stage_scrape
131,owcs_2026_asia_s1_korea,korea,2026,Stage 1,Week 1,March 22nd,2026-03-22,9,2,ZETA DIVISION,Team Falcons,Team Falcons,ZETA DIVISION,Runasapi,Push,bo5,https://liquipedia.net/overwatch/index.php?title=Overwatch_Champions_Series/2026/Asia/Stage_1/Korea/Regular_Season,group_stage_scrape
132,owcs_2026_asia_s1_korea,korea,2026,Stage 1,Week 1,March 22nd,2026-03-22,9,3,ZETA DIVISION,Team Falcons,ZETA DIVISION,Team Falcons,Rialto,Escort,bo5,https://liquipedia.net/overwatch/index.php?title=Overwatch_Champions_Series/2026/Asia/Stage_1/Korea/Regular_Season,group_stage_scrape
133,owcs_2026_asia_s1_korea,korea,2026,Stage 1,Week 1,March 22nd,2026-03-22,9,4,ZETA DIVISION,Team Falcons,Team Falcons,ZETA DIVISION,Numbani,Hybrid,bo5,https://liquipedia.net/overwatch/index.php?title=Overwatch_Champions_Series/2026/Asia/Stage_1/Korea/Regular_Season,group_stage_scrape
134,owcs_2026_asia_s1_korea,korea,2026,Stage 1,Week 1,March 22nd,2026-03-22,9,5,ZETA DIVISION,Team Falcons,ZETA DIVISION,Team Falcons,Blizzard World,Hybrid,bo5,https://liquipedia.net/overwatch/index.php?title=Overwatch_Champions_Series/2026/Asia/Stage_1/Korea/Regular_Season,group_stage_scrape
135,owcs_2026_asia_s1_korea,korea,2026,Stage 1,Week 2,April 3rd,2026-04-03,10,1,Cheeseburger,ZAN Esports,ZAN Esports,Cheeseburger,Oasis,Control,bo5,https://liquipedia.net/overwatch/index.php?title=Overwatch_Champions_Series/2026/Asia/Stage_1/Korea/Regular_Season,group_stage_scrape
136,owcs_2026_asia_s1_korea,korea,2026,Stage 1,Week 2,April 3rd,2026-04-03,10,2,Cheeseburger,ZAN Esports,ZAN Esports,Cheeseburger,Watchpoint: Gibraltar,Escort,bo5,https://liquipedia.net/overwatch/index.php?title=Overwatch_Champions_Series/2026/Asia/Stage_1/Korea/Regular_Season,group_stage_scrape
137,owcs_2026_asia_s1_korea,korea,2026,Stage 1,Week 2,April 3rd,2026-04-03,10,3,Cheeseburger,ZAN Esports,ZAN Esports,Cheeseburger,Aatlis,Flashpoint,bo5,https://liquipedia.net/overwatch/index.php?title=Overwatch_Champions_Series/2026/Asia/Stage_1/Korea/Regular_Season,group_stage_scrape
138,owcs_2026_asia_s1_korea,korea,2026,Stage 1,Week 2,April 3rd,2026-04-03,11,1,Poker Face,ZETA DIVISION,ZETA DIVISION,Poker Face,Lijiang Tower,Control,bo5,https://liquipedia.net/overwatch/index.php?title=Overwatch_Champions_Series/2026/Asia/Stage_1/Korea/Regular_Season,group_stage_scrape
139,owcs_2026_asia_s1_korea,korea,2026,Stage 1,Week 2,April 3rd,2026-04-03,11,2,Poker Face,ZETA DIVISION,ZETA DIVISION,Poker Face,Esperança,Push,bo5,https://liquipedia.net/overwatch/index.php?title=Overwatch_Champions_Series/2026/Asia/Stage_1/Korea/Regular_Season,group_stage_scrape
140,owcs_2026_asia_s1_korea,korea,2026,Stage 1,Week 2,April 3rd,2026-04-03,11,3,Poker Face,ZETA DIVISION,ZETA DIVISION,Poker Face,Rialto,Escort,bo5,https://liquipedia.net/overwatch/index.php?title=Overwatch_Champions_Series/2026/Asia/Stage_1/Korea/Regular_Season,group_stage_scrape
141,owcs_2026_asia_s1_korea,korea,2026,Stage 1,Week 2,April 3rd,2026-04-03,12,1,Crazy Raccoon,ONSIDE GAMING,ONSIDE GAMING,Crazy Raccoon,Busan,Control,bo5,https://liquipedia.net/overwatch/index.php?title=Overwatch_Champions_Series/2026/Asia/Stage_1/Korea/Regular_Season,group_stage_scrape
142,owcs_2026_asia_s1_korea,korea,2026,Stage 1,Week 2,April 3rd,2026-04-03,12,2,Crazy Raccoon,ONSIDE GAMING,Crazy Raccoon,ONSIDE GAMING,Havana,Escort,bo5,https://liquipedia.net/overwatch/index.php?title=Overwatch_Champions_Series/2026/Asia/Stage_1/Korea/Regular_Season,group_stage_scrape
143,owcs_2026_asia_s1_korea,korea,2026,Stage 1,Week 2,April 3rd,2026-04-03,12,3,Crazy Raccoon,ONSIDE GAMING,ONSIDE GAMING,Crazy Raccoon,Blizzard World,Hybrid,bo5,https://liquipedia.net/overwatch/index.php?title=Overwatch_Champions_Series/2026/Asia/Stage_1/Korea/Regular_Season,group_stage_scrape
144,owcs_2026_asia_s1_korea,korea,2026,Stage 1,Week 2,April 3rd,2026-04-03,12,4,Crazy Raccoon,ONSIDE GAMING,Crazy Raccoon,ONSIDE GAMING,Runasapi,Push,bo5,https://liquipedia.net/overwatch/index.php?title=Overwatch_Champions_Series/2026/Asia/Stage_1/Korea/Regular_Season,group_stage_scrape
145,owcs_2026_asia_s1_korea,korea,2026,Stage 1,Week 2,April 3rd,2026-04-03,12,5,Crazy Raccoon,ONSIDE GAMING,Crazy Raccoon,ONSIDE GAMING,Rialto,Escort,bo5,https://liquipedia.net/overwatch/index.php?title=Overwatch_Champions_Series/2026/Asia/Stage_1/Korea/Regular_Season,group_stage_scrape
146,owcs_2026_asia_s1_korea,korea,2026,Stage 1,Week 2,April 4th,2026-04-04,13,1,New Era,Team Falcons,Team Falcons,New Era,Oasis,Control,bo5,https://liquipedia.net/overwatch/index.php?title=Overwatch_Champions_Series/2026/Asia/Stage_1/Korea/Regular_Season,group_stage_scrape
147,owcs_2026_asia_s1_korea,korea,2026,Stage 1,Week 2,April 4th,2026-04-04,13,2,New Era,Team Falcons,Team Falcons,New Era,Havana,Escort,bo5,https://liquipedia.net/overwatch/index.php?title=Overwatch_Champions_Series/2026/Asia/Stage_1/Korea/Regular_Season,group_stage_scrape
148,owcs_2026_asia_s1_korea,korea,2026,Stage 1,Week 2,April 4th,2026-04-04,13,3,New Era,Team Falcons,Team Falcons,New Era,Midtown,Hybrid,bo5,https://liquipedia.net/overwatch/index.php?title=Overwatch_Champions_Series/2026/Asia/Stage_1/Korea/Regular_Season,group_stage_scrape
149,owcs_2026_asia_s1_korea,korea,2026,Stage 1,Week 2,April 4th,2026-04-04,14,1,T1,Poker Face,T1,Poker Face,Oasis,Control,bo5,https://liquipedia.net/overwatch/index.php?title=Overwatch_Champions_Series/2026/Asia/Stage_1/Korea/Regular_Season,group_stage_scrape
150,owcs_2026_asia_s1_korea,korea,2026,Stage 1,Week 2,April 4th,2026-04-04,14,2,T1,Poker Face,T1,Poker Face,Numbani,Hybrid,bo5,https://liquipedia.net/overwatch/index.php?title=Overwatch_Champions_Series/2026/Asia/Stage_1/Korea/Regular_Season,group_stage_scrape
151,owcs_2026_asia_s1_korea,korea,2026,Stage 1,Week 2,April 4th,2026-04-04,14,3,T1,Poker Face,T1,Poker Face,Esperança,Push,bo5,https://liquipedia.net/overwatch/index.php?title=Overwatch_Champions_Series/2026/Asia/Stage_1/Korea/Regular_Season,group_stage_scrape
152,owcs_2026_asia_s1_korea,korea,2026,Stage 1,Week 2,April 4th,2026-04-04,15,1,Crazy Raccoon,Cheeseburger,Crazy Raccoon,Cheeseburger,Oasis,Control,bo5,https://liquipedia.net/overwatch/index.php?title=Overwatch_Champions_Series/2026/Asia/Stage_1/Korea/Regular_Season,group_stage_scrape
153,owcs_2026_asia_s1_korea,korea,2026,Stage 1,Week 2,April 4th,2026-04-04,15,2,Crazy Raccoon,Cheeseburger,Crazy Raccoon,Cheeseburger,Aatlis,Flashpoint,bo5,https://liquipedia.net/overwatch/index.php?title=Overwatch_Champions_Series/2026/Asia/Stage_1/Korea/Regular_Season,group_stage_scrape
154,owcs_2026_asia_s1_korea,korea,2026,Stage 1,Week 2,April 4th,2026-04-04,15,3,Crazy Raccoon,Cheeseburger,Crazy Raccoon,Cheeseburger,Havana,Escort,bo5,https://liquipedia.net/overwatch/index.php?title=Overwatch_Champions_Series/2026/Asia/Stage_1/Korea/Regular_Season,group_stage_scrape
155,owcs_2026_asia_s1_korea,korea,2026,Stage 1,Week 2,April 5th,2026-04-05,16,1,ONSIDE GAMING,New Era,ONSIDE GAMING,New Era,Lijiang Tower,Control,bo5,https://liquipedia.net/overwatch/index.php?title=Overwatch_Champions_Series/2026/Asia/Stage_1/Korea/Regular_Season,group_stage_scrape
156,owcs_2026_asia_s1_korea,korea,2026,Stage 1,Week 2,April 5th,2026-04-05,16,2,ONSIDE GAMING,New Era,ONSIDE GAMING,New Era,Blizzard World,Hybrid,bo5,https://liquipedia.net/overwatch/index.php?title=Overwatch_Champions_Series/2026/Asia/Stage_1/Korea/Regular_Season,group_stage_scrape
157,owcs_2026_asia_s1_korea,korea,2026,Stage 1,Week 2,April 5th,2026-04-05,16,3,ONSIDE GAMING,New Era,ONSIDE GAMING,New Era,Havana,Escort,bo5,https://liquipedia.net/overwatch/index.php?title=Overwatch_Champions_Series/2026/Asia/Stage_1/Korea/Regular_Season,group_stage_scrape
158,owcs_2026_asia_s1_korea,korea,2026,Stage 1,Week 2,April 5th,2026-04-05,17,1,ZAN Esports,ZETA DIVISION,ZETA DIVISION,ZAN Esports,Busan,Control,bo5,https://liquipedia.net/overwatch/index.php?title=Overwatch_Champions_Series/2026/Asia/Stage_1/Korea/Regular_Season,group_stage_scrape
159,owcs_2026_asia_s1_korea,korea,2026,Stage 1,Week 2,April 5th,2026-04-05,17,2,ZAN Esports,ZETA DIVISION,ZETA DIVISION,ZAN Esports,Suravasa,Flashpoint,bo5,https://liquipedia.net/overwatch/index.php?title=Overwatch_Champions_Series/2026/Asia/Stage_1/Korea/Regular_Season,group_stage_scrape
160,owcs_2026_asia_s1_korea,korea,2026,Stage 1,Week 2,April 5th,2026-04-05,17,3,ZAN Esports,ZETA DIVISION,ZETA DIVISION,ZAN Esports,Havana,Escort,bo5,https://liquipedia.net/overwatch/index.php?title=Overwatch_Champions_Series/2026/Asia/Stage_1/Korea/Regular_Season,group_stage_scrape
161,owcs_2026_asia_s1_korea,korea,2026,Stage 1,Week 2,April 5th,2026-04-05,18,1,Team Falcons,T1,T1,Team Falcons,Busan,Control,bo5,https://liquipedia.net/overwatch/index.php?title=Overwatch_Champions_Series/2026/Asia/Stage_1/Korea/Regular_Season,group_stage_scrape
162,owcs_2026_asia_s1_korea,korea,2026,Stage 1,Week 2,April 5th,2026-04-05,18,2,Team Falcons,T1,Team Falcons,T1,Esperança,Push,bo5,https://liquipedia.net/overwatch/index.php?title=Overwatch_Champions_Series/2026/Asia/Stage_1/Korea/Regular_Season,group_stage_scrape
163,owcs_2026_asia_s1_korea,korea,2026,Stage 1,Week 2,April 5th,2026-04-05,18,3,Team Falcons,T1,Team Falcons,T1,Havana,Escort,bo5,https://liquipedia.net/overwatch/index.php?title=Overwatch_Champions_Series/2026/Asia/Stage_1/Korea/Regular_Season,group_stage_scrape
164,owcs_2026_asia_s1_korea,korea,2026,Stage 1,Week 2,April 5th,2026-04-05,18,4,Team Falcons,T1,Team Falcons,T1,Blizzard World,Hybrid,bo5,https://liquipedia.net/overwatch/index.php?title=Overwatch_Champions_Series/2026/Asia/Stage_1/Korea/Regular_Season,group_stage_scrape
165,owcs_2026_asia_s1_pacific,pacific,2026,Stage 1,Week 1,[MANUAL],2026-03-26,1,1,Team Secret,Rankers,Team Secret,Rankers,Busan,Control,bo5,https://liquipedia.net/overwatch/index.php?title=Overwatch_Champions_Series/2026/Asia/Stage_1/Pacific/Regular_Season,group_stage_scrape
166,owcs_2026_asia_s1_pacific,pacific,2026,Stage 1,Week 1,[MANUAL],2026-03-26,1,2,Team Secret,Rankers,Team Secret,Rankers,Esperança,Push,bo5,https://liquipedia.net/overwatch/index.php?title=Overwatch_Champions_Series/2026/Asia/Stage_1/Pacific/Regular_Season,group_stage_scrape
167,owcs_2026_asia_s1_pacific,pacific,2026,Stage 1,Week 1,[MANUAL],2026-03-26,1,3,Team Secret,Rankers,Team Secret,Rankers,Rialto,Escort,bo5,https://liquipedia.net/overwatch/index.php?title=Overwatch_Champions_Series/2026/Asia/Stage_1/Pacific/Regular_Season,group_stage_scrape
168,owcs_2026_asia_s1_pacific,pacific,2026,Stage 1,Week 1,[MANUAL],2026-03-26,2,1,MMY,The Gatos Guapos,The Gatos Guapos,MMY,Lijiang Tower,Control,bo5,https://liquipedia.net/overwatch/index.php?title=Overwatch_Champions_Series/2026/Asia/Stage_1/Pacific/Regular_Season,group_stage_scrape
169,owcs_2026_asia_s1_pacific,pacific,2026,Stage 1,Week 1,[MANUAL],2026-03-26,2,2,MMY,The Gatos Guapos,The Gatos Guapos,MMY,Suravasa,Flashpoint,bo5,https://liquipedia.net/overwatch/index.php?title=Overwatch_Champions_Series/2026/Asia/Stage_1/Pacific/Regular_Season,group_stage_scrape
170,owcs_2026_asia_s1_pacific,pacific,2026,Stage 1,Week 1,[MANUAL],2026-03-26,2,3,MMY,The Gatos Guapos,The Gatos Guapos,MMY,Rialto,Escort,bo5,https://liquipedia.net/overwatch/index.php?title=Overwatch_Champions_Series/2026/Asia/Stage_1/Pacific/Regular_Season,group_stage_scrape
171,owcs_2026_asia_s1_pacific,pacific,2026,Stage 1,Week 1,[MANUAL],2026-03-26,3,1,FURY,Quasar Esports,Quasar Esports,FURY,Oasis,Control,bo5,https://liquipedia.net/overwatch/index.php?title=Overwatch_Champions_Series/2026/Asia/Stage_1/Pacific/Regular_Season,group_stage_scrape
172,owcs_2026_asia_s1_pacific,pacific,2026,Stage 1,Week 1,[MANUAL],2026-03-26,3,2,FURY,Quasar Esports,Quasar Esports,FURY,Suravasa,Flashpoint,bo5,https://liquipedia.net/overwatch/index.php?title=Overwatch_Champions_Series/2026/Asia/Stage_1/Pacific/Regular_Season,group_stage_scrape
173,owcs_2026_asia_s1_pacific,pacific,2026,Stage 1,Week 1,[MANUAL],2026-03-26,3,3,FURY,Quasar Esports,FURY,Quasar Esports,Midtown,Hybrid,bo5,https://liquipedia.net/overwatch/index.php?title=Overwatch_Champions_Series/2026/Asia/Stage_1/Pacific/Regular_Season,group_stage_scrape
174,owcs_2026_asia_s1_pacific,pacific,2026,Stage 1,Week 1,[MANUAL],2026-03-26,3,4,FURY,Quasar Esports,Quasar Esports,FURY,Watchpoint: Gibraltar,Escort,bo5,https://liquipedia.net/overwatch/index.php?title=Overwatch_Champions_Series/2026/Asia/Stage_1/Pacific/Regular_Season,group_stage_scrape
175,owcs_2026_asia_s1_pacific,pacific,2026,Stage 1,Week 1,[MANUAL],2026-04-02,4,1,FURY,The Gatos Guapos,The Gatos Guapos,FURY,Busan,Control,bo5,https://liquipedia.net/overwatch/index.php?title=Overwatch_Champions_Series/2026/Asia/Stage_1/Pacific/Regular_Season,group_stage_scrape
176,owcs_2026_asia_s1_pacific,pacific,2026,Stage 1,Week 1,[MANUAL],2026-04-02,4,2,FURY,The Gatos Guapos,The Gatos Guapos,FURY,Watchpoint: Gibraltar,Escort,bo5,https://liquipedia.net/overwatch/index.php?title=Overwatch_Champions_Series/2026/Asia/Stage_1/Pacific/Regular_Season,group_stage_scrape
177,owcs_2026_asia_s1_pacific,pacific,2026,Stage 1,Week 1,[MANUAL],2026-04-02,4,3,FURY,The Gatos Guapos,The Gatos Guapos,FURY,Aatlis,Flashpoint,bo5,https://liquipedia.net/overwatch/index.php?title=Overwatch_Champions_Series/2026/Asia/Stage_1/Pacific/Regular_Season,group_stage_scrape
178,owcs_2026_asia_s1_pacific,pacific,2026,Stage 1,Week 1,[MANUAL],2026-04-02,5,1,Team Secret,MMY,Team Secret,MMY,Lijiang Tower,Control,bo5,https://liquipedia.net/overwatch/index.php?title=Overwatch_Champions_Series/2026/Asia/Stage_1/Pacific/Regular_Season,group_stage_scrape
179,owcs_2026_asia_s1_pacific,pacific,2026,Stage 1,Week 1,[MANUAL],2026-04-02,5,2,Team Secret,MMY,Team Secret,MMY,Aatlis,Flashpoint,bo5,https://liquipedia.net/overwatch/index.php?title=Overwatch_Champions_Series/2026/Asia/Stage_1/Pacific/Regular_Season,group_stage_scrape
180,owcs_2026_asia_s1_pacific,pacific,2026,Stage 1,Week 1,[MANUAL],2026-04-02,5,3,Team Secret,MMY,Team Secret,MMY,Rialto,Escort,bo5,https://liquipedia.net/overwatch/index.php?title=Overwatch_Champions_Series/2026/Asia/Stage_1/Pacific/Regular_Season,group_stage_scrape
181,owcs_2026_asia_s1_pacific,pacific,2026,Stage 1,Week 1,[MANUAL],2026-04-02,6,1,Quasar Esports,Rankers,Rankers,Quasar Esports,Lijiang Tower,Control,bo5,https://liquipedia.net/overwatch/index.php?title=Overwatch_Champions_Series/2026/Asia/Stage_1/Pacific/Regular_Season,group_stage_scrape
182,owcs_2026_asia_s1_pacific,pacific,2026,Stage 1,Week 1,[MANUAL],2026-04-02,6,2,Quasar Esports,Rankers,Quasar Esports,Rankers,Watchpoint: Gibraltar,Escort,bo5,https://liquipedia.net/overwatch/index.php?title=Overwatch_Champions_Series/2026/Asia/Stage_1/Pacific/Regular_Season,group_stage_scrape
183,owcs_2026_asia_s1_pacific,pacific,2026,Stage 1,Week 1,[MANUAL],2026-04-02,6,3,Quasar Esports,Rankers,Rankers,Quasar Esports,Esperança,Push,bo5,https://liquipedia.net/overwatch/index.php?title=Overwatch_Champions_Series/2026/Asia/Stage_1/Pacific/Regular_Season,group_stage_scrape
184,owcs_2026_asia_s1_pacific,pacific,2026,Stage 1,Week 1,[MANUAL],2026-04-02,6,4,Quasar Esports,Rankers,Quasar Esports,Rankers,Numbani,Hybrid,bo5,https://liquipedia.net/overwatch/index.php?title=Overwatch_Champions_Series/2026/Asia/Stage_1/Pacific/Regular_Season,group_stage_scrape
185,owcs_2026_asia_s1_pacific,pacific,2026,Stage 1,Week 1,[MANUAL],2026-04-02,6,5,Quasar Esports,Rankers,Rankers,Quasar Esports,Busan,Control,bo5,https://liquipedia.net/overwatch/index.php?title=Overwatch_Champions_Series/2026/Asia/Stage_1/Pacific/Regular_Season,group_stage_scrape
186,owcs_2026_china_s1,china,2026,Stage 1,Week 1,April 4th,2026-04-04,1,1,Naive Piggy,Milk Tea,Milk Tea,Naive Piggy,Busan,Control,bo5,https://liquipedia.net/overwatch/index.php?title=Overwatch_Champions_Series/2026/China/Stage_1/Regular_Season,group_stage_scrape
187,owcs_2026_china_s1,china,2026,Stage 1,Week 1,April 4th,2026-04-04,1,2,Naive Piggy,Milk Tea,Naive Piggy,Milk Tea,Esperanca,Push,bo5,https://liquipedia.net/overwatch/index.php?title=Overwatch_Champions_Series/2026/China/Stage_1/Regular_Season,group_stage_scrape
188,owcs_2026_china_s1,china,2026,Stage 1,Week 1,April 4th,2026-04-04,1,3,Naive Piggy,Milk Tea,Milk Tea,Naive Piggy,Midtown,Hybrid,bo5,https://liquipedia.net/overwatch/index.php?title=Overwatch_Champions_Series/2026/China/Stage_1/Regular_Season,group_stage_scrape
189,owcs_2026_china_s1,china,2026,Stage 1,Week 1,April 4th,2026-04-04,1,4,Naive Piggy,Milk Tea,Naive Piggy,Milk Tea,Aatlis,Flashpoint,bo5,https://liquipedia.net/overwatch/index.php?title=Overwatch_Champions_Series/2026/China/Stage_1/Regular_Season,group_stage_scrape
190,owcs_2026_china_s1,china,2026,Stage 1,Week 1,April 4th,2026-04-04,1,5,Naive Piggy,Milk Tea,Naive Piggy,Milk Tea,Havana,Escort,bo5,https://liquipedia.net/overwatch/index.php?title=Overwatch_Champions_Series/2026/China/Stage_1/Regular_Season,group_stage_scrape
191,owcs_2026_china_s1,china,2026,Stage 1,Week 1,April 4th,2026-04-04,2,1,JD Gaming,All Gamers,All Gamers,JD Gaming,Oasis,Control,bo5,https://liquipedia.net/overwatch/index.php?title=Overwatch_Champions_Series/2026/China/Stage_1/Regular_Season,group_stage_scrape
192,owcs_2026_china_s1,china,2026,Stage 1,Week 1,April 4th,2026-04-04,2,2,JD Gaming,All Gamers,JD Gaming,All Gamers,Suravasa,Flashpoint,bo5,https://liquipedia.net/overwatch/index.php?title=Overwatch_Champions_Series/2026/China/Stage_1/Regular_Season,group_stage_scrape
193,owcs_2026_china_s1,china,2026,Stage 1,Week 1,April 4th,2026-04-04,2,3,JD Gaming,All Gamers,JD Gaming,All Gamers,Numbani,Hybrid,bo5,https://liquipedia.net/overwatch/index.php?title=Overwatch_Champions_Series/2026/China/Stage_1/Regular_Season,group_stage_scrape
194,owcs_2026_china_s1,china,2026,Stage 1,Week 1,April 4th,2026-04-04,2,4,JD Gaming,All Gamers,All Gamers,JD Gaming,Havana,Escort,bo5,https://liquipedia.net/overwatch/index.php?title=Overwatch_Champions_Series/2026/China/Stage_1/Regular_Season,group_stage_scrape
195,owcs_2026_china_s1,china,2026,Stage 1,Week 1,April 4th,2026-04-04,2,5,JD Gaming,All Gamers,All Gamers,JD Gaming,Esperanca,Push,bo5,https://liquipedia.net/overwatch/index.php?title=Overwatch_Champions_Series/2026/China/Stage_1/Regular_Season,group_stage_scrape
196,owcs_2026_china_s1,china,2026,Stage 1,Week 1,April 4th,2026-04-04,3,1,Weibo Gaming,Solus Victorem,Weibo Gaming,Solus Victorem,Lijiang Tower,Control,bo5,https://liquipedia.net/overwatch/index.php?title=Overwatch_Champions_Series/2026/China/Stage_1/Regular_Season,group_stage_scrape
197,owcs_2026_china_s1,china,2026,Stage 1,Week 1,April 4th,2026-04-04,3,2,Weibo Gaming,Solus Victorem,Weibo Gaming,Solus Victorem,Suravasa,Flashpoint,bo5,https://liquipedia.net/overwatch/index.php?title=Overwatch_Champions_Series/2026/China/Stage_1/Regular_Season,group_stage_scrape
198,owcs_2026_china_s1,china,2026,Stage 1,Week 1,April 4th,2026-04-04,3,3,Weibo Gaming,Solus Victorem,Weibo Gaming,Solus Victorem,Midtown,Hybrid,bo5,https://liquipedia.net/overwatch/index.php?title=Overwatch_Champions_Series/2026/China/Stage_1/Regular_Season,group_stage_scrape
199,owcs_2026_china_s1,china,2026,Stage 1,Week 1,April 5th,2026-04-05,4,1,All Gamers,Milk Tea,Milk Tea,All Gamers,Busan,Control,bo5,https://liquipedia.net/overwatch/index.php?title=Overwatch_Champions_Series/2026/China/Stage_1/Regular_Season,group_stage_scrape
200,owcs_2026_china_s1,china,2026,Stage 1,Week 1,April 5th,2026-04-05,4,2,All Gamers,Milk Tea,All Gamers,Milk Tea,Gibraltar,Escort,bo5,https://liquipedia.net/overwatch/index.php?title=Overwatch_Champions_Series/2026/China/Stage_1/Regular_Season,group_stage_scrape
201,owcs_2026_china_s1,china,2026,Stage 1,Week 1,April 5th,2026-04-05,4,3,All Gamers,Milk Tea,All Gamers,Milk Tea,Esperanca,Push,bo5,https://liquipedia.net/overwatch/index.php?title=Overwatch_Champions_Series/2026/China/Stage_1/Regular_Season,group_stage_scrape
202,owcs_2026_china_s1,china,2026,Stage 1,Week 1,April 5th,2026-04-05,4,4,All Gamers,Milk Tea,All Gamers,Milk Tea,Midtown,Hybrid,bo5,https://liquipedia.net/overwatch/index.php?title=Overwatch_Champions_Series/2026/China/Stage_1/Regular_Season,group_stage_scrape
203,owcs_2026_china_s1,china,2026,Stage 1,Week 1,April 5th,2026-04-05,5,1,Weibo Gaming,Naive Piggy,Weibo Gaming,Naive Piggy,Lijiang Tower,Control,bo5,https://liquipedia.net/overwatch/index.php?title=Overwatch_Champions_Series/2026/China/Stage_1/Regular_Season,group_stage_scrape
204,owcs_2026_china_s1,china,2026,Stage 1,Week 1,April 5th,2026-04-05,5,2,Weibo Gaming,Naive Piggy,Weibo Gaming,Naive Piggy,Aatlis,Flashpoint,bo5,https://liquipedia.net/overwatch/index.php?title=Overwatch_Champions_Series/2026/China/Stage_1/Regular_Season,group_stage_scrape
205,owcs_2026_china_s1,china,2026,Stage 1,Week 1,April 5th,2026-04-05,5,3,Weibo Gaming,Naive Piggy,Weibo Gaming,Naive Piggy,Havana,Escort,bo5,https://liquipedia.net/overwatch/index.php?title=Overwatch_Champions_Series/2026/China/Stage_1/Regular_Season,group_stage_scrape
206,owcs_2026_emea_s1,emea,2026,Stage 1,Week 1,March 21st,2026-03-21,1,1,Virtus.pro,Al Qadsiah,Virtus.pro,Al Qadsiah,Lijiang Tower,Control,bo5,https://liquipedia.net/overwatch/index.php?title=Overwatch_Champions_Series/2026/EMEA/Stage_1/Regular_Season,group_stage_scrape
207,owcs_2026_emea_s1,emea,2026,Stage 1,Week 1,March 21st,2026-03-21,1,2,Virtus.pro,Al Qadsiah,Virtus.pro,Al Qadsiah,Havana,Escort,bo5,https://liquipedia.net/overwatch/index.php?title=Overwatch_Champions_Series/2026/EMEA/Stage_1/Regular_Season,group_stage_scrape
208,owcs_2026_emea_s1,emea,2026,Stage 1,Week 1,March 21st,2026-03-21,1,3,Virtus.pro,Al Qadsiah,Al Qadsiah,Virtus.pro,Midtown,Hybrid,bo5,https://liquipedia.net/overwatch/index.php?title=Overwatch_Champions_Series/2026/EMEA/Stage_1/Regular_Season,group_stage_scrape
209,owcs_2026_emea_s1,emea,2026,Stage 1,Week 1,March 21st,2026-03-21,1,4,Virtus.pro,Al Qadsiah,Virtus.pro,Al Qadsiah,Runasapi,Push,bo5,https://liquipedia.net/overwatch/index.php?title=Overwatch_Champions_Series/2026/EMEA/Stage_1/Regular_Season,group_stage_scrape
210,owcs_2026_emea_s1,emea,2026,Stage 1,Week 1,March 21st,2026-03-21,2,1,Twisted Minds,Team Peps,Twisted Minds,Team Peps,Busan,Control,bo5,https://liquipedia.net/overwatch/index.php?title=Overwatch_Champions_Series/2026/EMEA/Stage_1/Regular_Season,group_stage_scrape
211,owcs_2026_emea_s1,emea,2026,Stage 1,Week 1,March 21st,2026-03-21,2,2,Twisted Minds,Team Peps,Twisted Minds,Team Peps,Blizzard World,Hybrid,bo5,https://liquipedia.net/overwatch/index.php?title=Overwatch_Champions_Series/2026/EMEA/Stage_1/Regular_Season,group_stage_scrape
212,owcs_2026_emea_s1,emea,2026,Stage 1,Week 1,March 21st,2026-03-21,2,3,Twisted Minds,Team Peps,Twisted Minds,Team Peps,Esperança,Push,bo5,https://liquipedia.net/overwatch/index.php?title=Overwatch_Champions_Series/2026/EMEA/Stage_1/Regular_Season,group_stage_scrape
213,owcs_2026_emea_s1,emea,2026,Stage 1,Week 1,March 22nd,2026-03-22,3,1,Twisted Minds,Geekay Esports,Twisted Minds,Geekay Esports,Busan,Control,bo5,https://liquipedia.net/overwatch/index.php?title=Overwatch_Champions_Series/2026/EMEA/Stage_1/Regular_Season,group_stage_scrape
214,owcs_2026_emea_s1,emea,2026,Stage 1,Week 1,March 22nd,2026-03-22,3,2,Twisted Minds,Geekay Esports,Twisted Minds,Geekay Esports,Esperança,Push,bo5,https://liquipedia.net/overwatch/index.php?title=Overwatch_Champions_Series/2026/EMEA/Stage_1/Regular_Season,group_stage_scrape
215,owcs_2026_emea_s1,emea,2026,Stage 1,Week 1,March 22nd,2026-03-22,3,3,Twisted Minds,Geekay Esports,Twisted Minds,Geekay Esports,Suravasa,Flashpoint,bo5,https://liquipedia.net/overwatch/index.php?title=Overwatch_Champions_Series/2026/EMEA/Stage_1/Regular_Season,group_stage_scrape
216,owcs_2026_emea_s1,emea,2026,Stage 1,Week 1,March 22nd,2026-03-22,4,1,Virtus.pro,anyone's legend,Virtus.pro,anyone's legend,Lijiang Tower,Control,bo5,https://liquipedia.net/overwatch/index.php?title=Overwatch_Champions_Series/2026/EMEA/Stage_1/Regular_Season,group_stage_scrape
217,owcs_2026_emea_s1,emea,2026,Stage 1,Week 1,March 22nd,2026-03-22,4,2,Virtus.pro,anyone's legend,Virtus.pro,anyone's legend,Blizzard World,Hybrid,bo5,https://liquipedia.net/overwatch/index.php?title=Overwatch_Champions_Series/2026/EMEA/Stage_1/Regular_Season,group_stage_scrape
218,owcs_2026_emea_s1,emea,2026,Stage 1,Week 1,March 22nd,2026-03-22,4,3,Virtus.pro,anyone's legend,Virtus.pro,anyone's legend,Runasapi,Push,bo5,https://liquipedia.net/overwatch/index.php?title=Overwatch_Champions_Series/2026/EMEA/Stage_1/Regular_Season,group_stage_scrape
219,owcs_2026_emea_s1,emea,2026,Stage 1,Week 1,March 22nd,2026-03-22,5,1,Al Qadsiah,Team Peps,Al Qadsiah,Team Peps,Oasis,Control,bo5,https://liquipedia.net/overwatch/index.php?title=Overwatch_Champions_Series/2026/EMEA/Stage_1/Regular_Season,group_stage_scrape
220,owcs_2026_emea_s1,emea,2026,Stage 1,Week 1,March 22nd,2026-03-22,5,2,Al Qadsiah,Team Peps,Al Qadsiah,Team Peps,Rialto,Escort,bo5,https://liquipedia.net/overwatch/index.php?title=Overwatch_Champions_Series/2026/EMEA/Stage_1/Regular_Season,group_stage_scrape
221,owcs_2026_emea_s1,emea,2026,Stage 1,Week 1,March 22nd,2026-03-22,5,3,Al Qadsiah,Team Peps,Team Peps,Al Qadsiah,Aatlis,Flashpoint,bo5,https://liquipedia.net/overwatch/index.php?title=Overwatch_Champions_Series/2026/EMEA/Stage_1/Regular_Season,group_stage_scrape
222,owcs_2026_emea_s1,emea,2026,Stage 1,Week 1,March 22nd,2026-03-22,5,4,Al Qadsiah,Team Peps,Team Peps,Al Qadsiah,Midtown,Hybrid,bo5,https://liquipedia.net/overwatch/index.php?title=Overwatch_Champions_Series/2026/EMEA/Stage_1/Regular_Season,group_stage_scrape
223,owcs_2026_emea_s1,emea,2026,Stage 1,Week 1,March 22nd,2026-03-22,5,5,Al Qadsiah,Team Peps,Al Qadsiah,Team Peps,Runasapi,Push,bo5,https://liquipedia.net/overwatch/index.php?title=Overwatch_Champions_Series/2026/EMEA/Stage_1/Regular_Season,group_stage_scrape
224,owcs_2026_emea_s1,emea,2026,Stage 1,Week 2,March 28th,2026-03-28,6,1,Al Qadsiah,Geekay Esports,Geekay Esports,Al Qadsiah,Lijiang Tower,Control,bo5,https://liquipedia.net/overwatch/index.php?title=Overwatch_Champions_Series/2026/EMEA/Stage_1/Regular_Season,group_stage_scrape
225,owcs_2026_emea_s1,emea,2026,Stage 1,Week 2,March 28th,2026-03-28,6,2,Al Qadsiah,Geekay Esports,Geekay Esports,Al Qadsiah,Havana,Escort,bo5,https://liquipedia.net/overwatch/index.php?title=Overwatch_Champions_Series/2026/EMEA/Stage_1/Regular_Season,group_stage_scrape
226,owcs_2026_emea_s1,emea,2026,Stage 1,Week 2,March 28th,2026-03-28,6,3,Al Qadsiah,Geekay Esports,Al Qadsiah,Geekay Esports,Aatlis,Flashpoint,bo5,https://liquipedia.net/overwatch/index.php?title=Overwatch_Champions_Series/2026/EMEA/Stage_1/Regular_Season,group_stage_scrape
227,owcs_2026_emea_s1,emea,2026,Stage 1,Week 2,March 28th,2026-03-28,6,4,Al Qadsiah,Geekay Esports,Al Qadsiah,Geekay Esports,Runasapi,Push,bo5,https://liquipedia.net/overwatch/index.php?title=Overwatch_Champions_Series/2026/EMEA/Stage_1/Regular_Season,group_stage_scrape
228,owcs_2026_emea_s1,emea,2026,Stage 1,Week 2,March 28th,2026-03-28,6,5,Al Qadsiah,Geekay Esports,Geekay Esports,Al Qadsiah,Midtown,Hybrid,bo5,https://liquipedia.net/overwatch/index.php?title=Overwatch_Champions_Series/2026/EMEA/Stage_1/Regular_Season,group_stage_scrape
229,owcs_2026_emea_s1,emea,2026,Stage 1,Week 2,March 28th,2026-03-28,7,1,Twisted Minds,anyone's legend,Twisted Minds,anyone's legend,Lijiang Tower,Control,bo5,https://liquipedia.net/overwatch/index.php?title=Overwatch_Champions_Series/2026/EMEA/Stage_1/Regular_Season,group_stage_scrape
230,owcs_2026_emea_s1,emea,2026,Stage 1,Week 2,March 28th,2026-03-28,7,2,Twisted Minds,anyone's legend,Twisted Minds,anyone's legend,Rialto,Escort,bo5,https://liquipedia.net/overwatch/index.php?title=Overwatch_Champions_Series/2026/EMEA/Stage_1/Regular_Season,group_stage_scrape
231,owcs_2026_emea_s1,emea,2026,Stage 1,Week 2,March 28th,2026-03-28,7,3,Twisted Minds,anyone's legend,Twisted Minds,anyone's legend,Aatlis,Flashpoint,bo5,https://liquipedia.net/overwatch/index.php?title=Overwatch_Champions_Series/2026/EMEA/Stage_1/Regular_Season,group_stage_scrape
232,owcs_2026_emea_s1,emea,2026,Stage 1,Week 2,March 28th,2026-03-28,8,1,Virtus.pro,Team Peps,Virtus.pro,Team Peps,Lijiang Tower,Control,bo5,https://liquipedia.net/overwatch/index.php?title=Overwatch_Champions_Series/2026/EMEA/Stage_1/Regular_Season,group_stage_scrape
233,owcs_2026_emea_s1,emea,2026,Stage 1,Week 2,March 28th,2026-03-28,8,2,Virtus.pro,Team Peps,Virtus.pro,Team Peps,Runasapi,Push,bo5,https://liquipedia.net/overwatch/index.php?title=Overwatch_Champions_Series/2026/EMEA/Stage_1/Regular_Season,group_stage_scrape
234,owcs_2026_emea_s1,emea,2026,Stage 1,Week 2,March 28th,2026-03-28,8,3,Virtus.pro,Team Peps,Virtus.pro,Team Peps,Blizzard World,Hybrid,bo5,https://liquipedia.net/overwatch/index.php?title=Overwatch_Champions_Series/2026/EMEA/Stage_1/Regular_Season,group_stage_scrape
235,owcs_2026_emea_s1,emea,2026,Stage 1,Week 2,March 29th,2026-03-29,9,1,Team Peps,Geekay Esports,Geekay Esports,Team Peps,Lijiang Tower,Control,bo5,https://liquipedia.net/overwatch/index.php?title=Overwatch_Champions_Series/2026/EMEA/Stage_1/Regular_Season,group_stage_scrape
236,owcs_2026_emea_s1,emea,2026,Stage 1,Week 2,March 29th,2026-03-29,9,2,Team Peps,Geekay Esports,Geekay Esports,Team Peps,Aatlis,Flashpoint,bo5,https://liquipedia.net/overwatch/index.php?title=Overwatch_Champions_Series/2026/EMEA/Stage_1/Regular_Season,group_stage_scrape
237,owcs_2026_emea_s1,emea,2026,Stage 1,Week 2,March 29th,2026-03-29,9,3,Team Peps,Geekay Esports,Geekay Esports,Team Peps,Midtown,Hybrid,bo5,https://liquipedia.net/overwatch/index.php?title=Overwatch_Champions_Series/2026/EMEA/Stage_1/Regular_Season,group_stage_scrape
238,owcs_2026_emea_s1,emea,2026,Stage 1,Week 2,March 29th,2026-03-29,10,1,Al Qadsiah,anyone's legend,Al Qadsiah,anyone's legend,Lijiang Tower,Control,bo5,https://liquipedia.net/overwatch/index.php?title=Overwatch_Champions_Series/2026/EMEA/Stage_1/Regular_Season,group_stage_scrape
239,owcs_2026_emea_s1,emea,2026,Stage 1,Week 2,March 29th,2026-03-29,10,2,Al Qadsiah,anyone's legend,Al Qadsiah,anyone's legend,Numbani,Hybrid,bo5,https://liquipedia.net/overwatch/index.php?title=Overwatch_Champions_Series/2026/EMEA/Stage_1/Regular_Season,group_stage_scrape
240,owcs_2026_emea_s1,emea,2026,Stage 1,Week 2,March 29th,2026-03-29,10,3,Al Qadsiah,anyone's legend,Al Qadsiah,anyone's legend,Esperança,Push,bo5,https://liquipedia.net/overwatch/index.php?title=Overwatch_Champions_Series/2026/EMEA/Stage_1/Regular_Season,group_stage_scrape
241,owcs_2026_emea_s1,emea,2026,Stage 1,Week 3,April 4th,2026-04-04,11,1,Al Qadsiah,Twisted Minds,Twisted Minds,Al Qadsiah,Lijiang Tower,Control,bo5,https://liquipedia.net/overwatch/index.php?title=Overwatch_Champions_Series/2026/EMEA/Stage_1/Regular_Season,group_stage_scrape
242,owcs_2026_emea_s1,emea,2026,Stage 1,Week 3,April 4th,2026-04-04,11,2,Al Qadsiah,Twisted Minds,Twisted Minds,Al Qadsiah,Runasapi,Push,bo5,https://liquipedia.net/overwatch/index.php?title=Overwatch_Champions_Series/2026/EMEA/Stage_1/Regular_Season,group_stage_scrape
243,owcs_2026_emea_s1,emea,2026,Stage 1,Week 3,April 4th,2026-04-04,11,3,Al Qadsiah,Twisted Minds,Twisted Minds,Al Qadsiah,Havana,Escort,bo5,https://liquipedia.net/overwatch/index.php?title=Overwatch_Champions_Series/2026/EMEA/Stage_1/Regular_Season,group_stage_scrape
244,owcs_2026_emea_s1,emea,2026,Stage 1,Week 3,April 4th,2026-04-04,12,1,anyone's legend,Team Peps,Team Peps,anyone's legend,Lijiang Tower,Control,bo5,https://liquipedia.net/overwatch/index.php?title=Overwatch_Champions_Series/2026/EMEA/Stage_1/Regular_Season,group_stage_scrape
245,owcs_2026_emea_s1,emea,2026,Stage 1,Week 3,April 4th,2026-04-04,12,2,anyone's legend,Team Peps,anyone's legend,Team Peps,Havana,Escort,bo5,https://liquipedia.net/overwatch/index.php?title=Overwatch_Champions_Series/2026/EMEA/Stage_1/Regular_Season,group_stage_scrape
246,owcs_2026_emea_s1,emea,2026,Stage 1,Week 3,April 4th,2026-04-04,12,3,anyone's legend,Team Peps,Team Peps,anyone's legend,Runasapi,Push,bo5,https://liquipedia.net/overwatch/index.php?title=Overwatch_Champions_Series/2026/EMEA/Stage_1/Regular_Season,group_stage_scrape
247,owcs_2026_emea_s1,emea,2026,Stage 1,Week 3,April 4th,2026-04-04,12,4,anyone's legend,Team Peps,anyone's legend,Team Peps,Blizzard World,Hybrid,bo5,https://liquipedia.net/overwatch/index.php?title=Overwatch_Champions_Series/2026/EMEA/Stage_1/Regular_Season,group_stage_scrape
248,owcs_2026_emea_s1,emea,2026,Stage 1,Week 3,April 4th,2026-04-04,12,5,anyone's legend,Team Peps,anyone's legend,Team Peps,Suravasa,Flashpoint,bo5,https://liquipedia.net/overwatch/index.php?title=Overwatch_Champions_Series/2026/EMEA/Stage_1/Regular_Season,group_stage_scrape
249,owcs_2026_emea_s1,emea,2026,Stage 1,Week 3,April 4th,2026-04-04,13,1,Virtus.pro,Geekay Esports,Virtus.pro,Geekay Esports,Lijiang Tower,Control,bo5,https://liquipedia.net/overwatch/index.php?title=Overwatch_Champions_Series/2026/EMEA/Stage_1/Regular_Season,group_stage_scrape
250,owcs_2026_emea_s1,emea,2026,Stage 1,Week 3,April 4th,2026-04-04,13,2,Virtus.pro,Geekay Esports,Geekay Esports,Virtus.pro,Havana,Escort,bo5,https://liquipedia.net/overwatch/index.php?title=Overwatch_Champions_Series/2026/EMEA/Stage_1/Regular_Season,group_stage_scrape
251,owcs_2026_emea_s1,emea,2026,Stage 1,Week 3,April 4th,2026-04-04,13,3,Virtus.pro,Geekay Esports,Virtus.pro,Geekay Esports,Runasapi,Push,bo5,https://liquipedia.net/overwatch/index.php?title=Overwatch_Champions_Series/2026/EMEA/Stage_1/Regular_Season,group_stage_scrape
252,owcs_2026_emea_s1,emea,2026,Stage 1,Week 3,April 4th,2026-04-04,13,4,Virtus.pro,Geekay Esports,Virtus.pro,Geekay Esports,Suravasa,Flashpoint,bo5,https://liquipedia.net/overwatch/index.php?title=Overwatch_Champions_Series/2026/EMEA/Stage_1/Regular_Season,group_stage_scrape
253,owcs_2026_emea_s1,emea,2026,Stage 1,Week 3,April 5th,2026-04-05,14,1,Virtus.pro,Twisted Minds,Twisted Minds,Virtus.pro,Lijiang Tower,Control,bo5,https://liquipedia.net/overwatch/index.php?title=Overwatch_Champions_Series/2026/EMEA/Stage_1/Regular_Season,group_stage_scrape
254,owcs_2026_emea_s1,emea,2026,Stage 1,Week 3,April 5th,2026-04-05,14,2,Virtus.pro,Twisted Minds,Twisted Minds,Virtus.pro,Runasapi,Push,bo5,https://liquipedia.net/overwatch/index.php?title=Overwatch_Champions_Series/2026/EMEA/Stage_1/Regular_Season,group_stage_scrape
255,owcs_2026_emea_s1,emea,2026,Stage 1,Week 3,April 5th,2026-04-05,14,3,Virtus.pro,Twisted Minds,Twisted Minds,Virtus.pro,Watchpoint: Gibraltar,Escort,bo5,https://liquipedia.net/overwatch/index.php?title=Overwatch_Champions_Series/2026/EMEA/Stage_1/Regular_Season,group_stage_scrape
256,owcs_2026_emea_s1,emea,2026,Stage 1,Week 3,April 5th,2026-04-05,15,1,anyone's legend,Geekay Esports,Geekay Esports,anyone's legend,Lijiang Tower,Control,bo5,https://liquipedia.net/overwatch/index.php?title=Overwatch_Champions_Series/2026/EMEA/Stage_1/Regular_Season,group_stage_scrape
257,owcs_2026_emea_s1,emea,2026,Stage 1,Week 3,April 5th,2026-04-05,15,2,anyone's legend,Geekay Esports,anyone's legend,Geekay Esports,Esperança,Push,bo5,https://liquipedia.net/overwatch/index.php?title=Overwatch_Champions_Series/2026/EMEA/Stage_1/Regular_Season,group_stage_scrape
258,owcs_2026_emea_s1,emea,2026,Stage 1,Week 3,April 5th,2026-04-05,15,3,anyone's legend,Geekay Esports,Geekay Esports,anyone's legend,Suravasa,Flashpoint,bo5,https://liquipedia.net/overwatch/index.php?title=Overwatch_Champions_Series/2026/EMEA/Stage_1/Regular_Season,group_stage_scrape
259,owcs_2026_emea_s1,emea,2026,Stage 1,Week 3,April 5th,2026-04-05,15,4,anyone's legend,Geekay Esports,anyone's legend,Geekay Esports,Blizzard World,Hybrid,bo5,https://liquipedia.net/overwatch/index.php?title=Overwatch_Champions_Series/2026/EMEA/Stage_1/Regular_Season,group_stage_scrape
260,owcs_2026_emea_s1,emea,2026,Stage 1,Week 3,April 5th,2026-04-05,15,5,anyone's legend,Geekay Esports,Geekay Esports,anyone's legend,Havana,Escort,bo5,https://liquipedia.net/overwatch/index.php?title=Overwatch_Champions_Series/2026/EMEA/Stage_1/Regular_Season,group_stage_scrape
261,owcs_2026_na_s1,na,2026,Stage 1,Week 1,March 21st,2026-03-21,1,1,Dallas Fuel,disguised,Dallas Fuel,disguised,Lijiang Tower,Control,bo5,https://liquipedia.net/overwatch/index.php?title=Overwatch_Champions_Series/2026/NA/Stage_1/Regular_Season,group_stage_scrape
262,owcs_2026_na_s1,na,2026,Stage 1,Week 1,March 21st,2026-03-21,1,2,Dallas Fuel,disguised,disguised,Dallas Fuel,Rialto,Escort,bo5,https://liquipedia.net/overwatch/index.php?title=Overwatch_Champions_Series/2026/NA/Stage_1/Regular_Season,group_stage_scrape
263,owcs_2026_na_s1,na,2026,Stage 1,Week 1,March 21st,2026-03-21,1,3,Dallas Fuel,disguised,Dallas Fuel,disguised,Suravasa,Flashpoint,bo5,https://liquipedia.net/overwatch/index.php?title=Overwatch_Champions_Series/2026/NA/Stage_1/Regular_Season,group_stage_scrape
264,owcs_2026_na_s1,na,2026,Stage 1,Week 1,March 21st,2026-03-21,1,4,Dallas Fuel,disguised,Dallas Fuel,disguised,Midtown,Hybrid,bo5,https://liquipedia.net/overwatch/index.php?title=Overwatch_Champions_Series/2026/NA/Stage_1/Regular_Season,group_stage_scrape
265,owcs_2026_na_s1,na,2026,Stage 1,Week 1,March 21st,2026-03-21,2,1,Spacestation Gaming,LuneX Gaming,Spacestation Gaming,LuneX Gaming,Lijiang Tower,Control,bo5,https://liquipedia.net/overwatch/index.php?title=Overwatch_Champions_Series/2026/NA/Stage_1/Regular_Season,group_stage_scrape
266,owcs_2026_na_s1,na,2026,Stage 1,Week 1,March 21st,2026-03-21,2,2,Spacestation Gaming,LuneX Gaming,Spacestation Gaming,LuneX Gaming,Watchpoint: Gibraltar,Escort,bo5,https://liquipedia.net/overwatch/index.php?title=Overwatch_Champions_Series/2026/NA/Stage_1/Regular_Season,group_stage_scrape
267,owcs_2026_na_s1,na,2026,Stage 1,Week 1,March 21st,2026-03-21,2,3,Spacestation Gaming,LuneX Gaming,Spacestation Gaming,LuneX Gaming,Suravasa,Flashpoint,bo5,https://liquipedia.net/overwatch/index.php?title=Overwatch_Champions_Series/2026/NA/Stage_1/Regular_Season,group_stage_scrape
268,owcs_2026_na_s1,na,2026,Stage 1,Week 1,March 21st,2026-03-21,3,1,Team Liquid,Extinction,Extinction,Team Liquid,Oasis,Control,bo5,https://liquipedia.net/overwatch/index.php?title=Overwatch_Champions_Series/2026/NA/Stage_1/Regular_Season,group_stage_scrape
269,owcs_2026_na_s1,na,2026,Stage 1,Week 1,March 21st,2026-03-21,3,2,Team Liquid,Extinction,Team Liquid,Extinction,Watchpoint: Gibraltar,Escort,bo5,https://liquipedia.net/overwatch/index.php?title=Overwatch_Champions_Series/2026/NA/Stage_1/Regular_Season,group_stage_scrape
270,owcs_2026_na_s1,na,2026,Stage 1,Week 1,March 21st,2026-03-21,3,3,Team Liquid,Extinction,Team Liquid,Extinction,Esperança,Push,bo5,https://liquipedia.net/overwatch/index.php?title=Overwatch_Champions_Series/2026/NA/Stage_1/Regular_Season,group_stage_scrape
271,owcs_2026_na_s1,na,2026,Stage 1,Week 1,March 21st,2026-03-21,3,4,Team Liquid,Extinction,Extinction,Team Liquid,Suravasa,Flashpoint,bo5,https://liquipedia.net/overwatch/index.php?title=Overwatch_Champions_Series/2026/NA/Stage_1/Regular_Season,group_stage_scrape
272,owcs_2026_na_s1,na,2026,Stage 1,Week 1,March 21st,2026-03-21,3,5,Team Liquid,Extinction,Team Liquid,Extinction,Blizzard World,hybrid,bo5,https://liquipedia.net/overwatch/index.php?title=Overwatch_Champions_Series/2026/NA/Stage_1/Regular_Season,group_stage_scrape
273,owcs_2026_na_s1,na,2026,Stage 1,Week 1,March 22nd,2026-03-22,4,1,Spacestation Gaming,disguised,disguised,Spacestation Gaming,Lijiang Tower,Control,bo5,https://liquipedia.net/overwatch/index.php?title=Overwatch_Champions_Series/2026/NA/Stage_1/Regular_Season,group_stage_scrape
274,owcs_2026_na_s1,na,2026,Stage 1,Week 1,March 22nd,2026-03-22,4,2,Spacestation Gaming,disguised,Spacestation Gaming,disguised,Rialto,Escort,bo5,https://liquipedia.net/overwatch/index.php?title=Overwatch_Champions_Series/2026/NA/Stage_1/Regular_Season,group_stage_scrape
275,owcs_2026_na_s1,na,2026,Stage 1,Week 1,March 22nd,2026-03-22,4,3,Spacestation Gaming,disguised,disguised,Spacestation Gaming,Aatlis,Flashpoint,bo5,https://liquipedia.net/overwatch/index.php?title=Overwatch_Champions_Series/2026/NA/Stage_1/Regular_Season,group_stage_scrape
276,owcs_2026_na_s1,na,2026,Stage 1,Week 1,March 22nd,2026-03-22,4,4,Spacestation Gaming,disguised,Spacestation Gaming,disguised,Numbani,Hybrid,bo5,https://liquipedia.net/overwatch/index.php?title=Overwatch_Champions_Series/2026/NA/Stage_1/Regular_Season,group_stage_scrape
277,owcs_2026_na_s1,na,2026,Stage 1,Week 1,March 22nd,2026-03-22,4,5,Spacestation Gaming,disguised,Spacestation Gaming,disguised,Runasapi,Push,bo5,https://liquipedia.net/overwatch/index.php?title=Overwatch_Champions_Series/2026/NA/Stage_1/Regular_Season,group_stage_scrape
278,owcs_2026_na_s1,na,2026,Stage 1,Week 1,March 22nd,2026-03-22,5,1,LuneX Gaming,Extinction,LuneX Gaming,Extinction,Lijiang Tower,Control,bo5,https://liquipedia.net/overwatch/index.php?title=Overwatch_Champions_Series/2026/NA/Stage_1/Regular_Season,group_stage_scrape
279,owcs_2026_na_s1,na,2026,Stage 1,Week 1,March 22nd,2026-03-22,5,2,LuneX Gaming,Extinction,LuneX Gaming,Extinction,Esperança,Push,bo5,https://liquipedia.net/overwatch/index.php?title=Overwatch_Champions_Series/2026/NA/Stage_1/Regular_Season,group_stage_scrape
280,owcs_2026_na_s1,na,2026,Stage 1,Week 1,March 22nd,2026-03-22,5,3,LuneX Gaming,Extinction,LuneX Gaming,Extinction,Suravasa,Flashpoint,bo5,https://liquipedia.net/overwatch/index.php?title=Overwatch_Champions_Series/2026/NA/Stage_1/Regular_Season,group_stage_scrape
281,owcs_2026_na_s1,na,2026,Stage 1,Week 2,March 28th,2026-03-28,6,1,Team Liquid,Dallas Fuel,Dallas Fuel,Team Liquid,Lijiang Tower,Control,bo5,https://liquipedia.net/overwatch/index.php?title=Overwatch_Champions_Series/2026/NA/Stage_1/Regular_Season,group_stage_scrape
282,owcs_2026_na_s1,na,2026,Stage 1,Week 2,March 28th,2026-03-28,6,2,Team Liquid,Dallas Fuel,Dallas Fuel,Team Liquid,Aatlis,Flashpoint,bo5,https://liquipedia.net/overwatch/index.php?title=Overwatch_Champions_Series/2026/NA/Stage_1/Regular_Season,group_stage_scrape
283,owcs_2026_na_s1,na,2026,Stage 1,Week 2,March 28th,2026-03-28,6,3,Team Liquid,Dallas Fuel,Dallas Fuel,Team Liquid,Watchpoint: Gibraltar,Escort,bo5,https://liquipedia.net/overwatch/index.php?title=Overwatch_Champions_Series/2026/NA/Stage_1/Regular_Season,group_stage_scrape
284,owcs_2026_na_s1,na,2026,Stage 1,Week 2,March 28th,2026-03-28,7,1,disguised,Extinction,Extinction,disguised,Lijiang Tower,Control,bo5,https://liquipedia.net/overwatch/index.php?title=Overwatch_Champions_Series/2026/NA/Stage_1/Regular_Season,group_stage_scrape
285,owcs_2026_na_s1,na,2026,Stage 1,Week 2,March 28th,2026-03-28,7,2,disguised,Extinction,Extinction,disguised,Rialto,Escort,bo5,https://liquipedia.net/overwatch/index.php?title=Overwatch_Champions_Series/2026/NA/Stage_1/Regular_Season,group_stage_scrape
286,owcs_2026_na_s1,na,2026,Stage 1,Week 2,March 28th,2026-03-28,7,3,disguised,Extinction,Extinction,disguised,Aatlis,Flashpoint,bo5,https://liquipedia.net/overwatch/index.php?title=Overwatch_Champions_Series/2026/NA/Stage_1/Regular_Season,group_stage_scrape
287,owcs_2026_na_s1,na,2026,Stage 1,Week 2,March 29th,2026-03-29,8,1,Dallas Fuel,LuneX Gaming,Dallas Fuel,LuneX Gaming,Oasis,Control,bo5,https://liquipedia.net/overwatch/index.php?title=Overwatch_Champions_Series/2026/NA/Stage_1/Regular_Season,group_stage_scrape
288,owcs_2026_na_s1,na,2026,Stage 1,Week 2,March 29th,2026-03-29,8,2,Dallas Fuel,LuneX Gaming,LuneX Gaming,Dallas Fuel,Runasapi,Push,bo5,https://liquipedia.net/overwatch/index.php?title=Overwatch_Champions_Series/2026/NA/Stage_1/Regular_Season,group_stage_scrape
289,owcs_2026_na_s1,na,2026,Stage 1,Week 2,March 29th,2026-03-29,8,3,Dallas Fuel,LuneX Gaming,Dallas Fuel,LuneX Gaming,Watchpoint: Gibraltar,Escort,bo5,https://liquipedia.net/overwatch/index.php?title=Overwatch_Champions_Series/2026/NA/Stage_1/Regular_Season,group_stage_scrape
290,owcs_2026_na_s1,na,2026,Stage 1,Week 2,March 29th,2026-03-29,8,4,Dallas Fuel,LuneX Gaming,LuneX Gaming,Dallas Fuel,Aatlis,Flashpoint,bo5,https://liquipedia.net/overwatch/index.php?title=Overwatch_Champions_Series/2026/NA/Stage_1/Regular_Season,group_stage_scrape
291,owcs_2026_na_s1,na,2026,Stage 1,Week 2,March 29th,2026-03-29,8,5,Dallas Fuel,LuneX Gaming,Dallas Fuel,LuneX Gaming,Blizzard World,Hybrid,bo5,https://liquipedia.net/overwatch/index.php?title=Overwatch_Champions_Series/2026/NA/Stage_1/Regular_Season,group_stage_scrape
292,owcs_2026_na_s1,na,2026,Stage 1,Week 2,March 29th,2026-03-29,9,1,Spacestation Gaming,Extinction,Spacestation Gaming,Extinction,Lijiang Tower,Control,bo5,https://liquipedia.net/overwatch/index.php?title=Overwatch_Champions_Series/2026/NA/Stage_1/Regular_Season,group_stage_scrape
293,owcs_2026_na_s1,na,2026,Stage 1,Week 2,March 29th,2026-03-29,9,2,Spacestation Gaming,Extinction,Spacestation Gaming,Extinction,Esperança,Push,bo5,https://liquipedia.net/overwatch/index.php?title=Overwatch_Champions_Series/2026/NA/Stage_1/Regular_Season,group_stage_scrape
294,owcs_2026_na_s1,na,2026,Stage 1,Week 2,March 29th,2026-03-29,9,3,Spacestation Gaming,Extinction,Spacestation Gaming,Extinction,Suravasa,Flashpoint,bo5,https://liquipedia.net/overwatch/index.php?title=Overwatch_Champions_Series/2026/NA/Stage_1/Regular_Season,group_stage_scrape
295,owcs_2026_na_s1,na,2026,Stage 1,Week 2,March 29th,2026-03-29,10,1,disguised,Team Liquid,disguised,Team Liquid,Lijiang Tower,Control,bo5,https://liquipedia.net/overwatch/index.php?title=Overwatch_Champions_Series/2026/NA/Stage_1/Regular_Season,group_stage_scrape
296,owcs_2026_na_s1,na,2026,Stage 1,Week 2,March 29th,2026-03-29,10,2,disguised,Team Liquid,disguised,Team Liquid,Havana,Escort,bo5,https://liquipedia.net/overwatch/index.php?title=Overwatch_Champions_Series/2026/NA/Stage_1/Regular_Season,group_stage_scrape
297,owcs_2026_na_s1,na,2026,Stage 1,Week 2,March 29th,2026-03-29,10,3,disguised,Team Liquid,disguised,Team Liquid,Esperança,Push,bo5,https://liquipedia.net/overwatch/index.php?title=Overwatch_Champions_Series/2026/NA/Stage_1/Regular_Season,group_stage_scrape
298,owcs_2026_na_s1,na,2026,Stage 1,Week 3,April 4th,2026-04-04,11,1,Spacestation Gaming,Dallas Fuel,Spacestation Gaming,Dallas Fuel,Lijiang Tower,Control,bo5,https://liquipedia.net/overwatch/index.php?title=Overwatch_Champions_Series/2026/NA/Stage_1/Regular_Season,group_stage_scrape
299,owcs_2026_na_s1,na,2026,Stage 1,Week 3,April 4th,2026-04-04,11,2,Spacestation Gaming,Dallas Fuel,Spacestation Gaming,Dallas Fuel,Suravasa,Flashpoint,bo5,https://liquipedia.net/overwatch/index.php?title=Overwatch_Champions_Series/2026/NA/Stage_1/Regular_Season,group_stage_scrape
300,owcs_2026_na_s1,na,2026,Stage 1,Week 3,April 4th,2026-04-04,11,3,Spacestation Gaming,Dallas Fuel,Dallas Fuel,Spacestation Gaming,Blizzard World,Hybrid,bo5,https://liquipedia.net/overwatch/index.php?title=Overwatch_Champions_Series/2026/NA/Stage_1/Regular_Season,group_stage_scrape
301,owcs_2026_na_s1,na,2026,Stage 1,Week 3,April 4th,2026-04-04,11,4,Spacestation Gaming,Dallas Fuel,Dallas Fuel,Spacestation Gaming,Rialto,Escort,bo5,https://liquipedia.net/overwatch/index.php?title=Overwatch_Champions_Series/2026/NA/Stage_1/Regular_Season,group_stage_scrape
302,owcs_2026_na_s1,na,2026,Stage 1,Week 3,April 4th,2026-04-04,11,5,Spacestation Gaming,Dallas Fuel,Dallas Fuel,Spacestation Gaming,Runasapi,Push,bo5,https://liquipedia.net/overwatch/index.php?title=Overwatch_Champions_Series/2026/NA/Stage_1/Regular_Season,group_stage_scrape
303,owcs_2026_na_s1,na,2026,Stage 1,Week 3,April 4th,2026-04-04,12,1,Team Liquid,LuneX Gaming,Team Liquid,LuneX Gaming,Oasis,Control,bo5,https://liquipedia.net/overwatch/index.php?title=Overwatch_Champions_Series/2026/NA/Stage_1/Regular_Season,group_stage_scrape
304,owcs_2026_na_s1,na,2026,Stage 1,Week 3,April 4th,2026-04-04,12,2,Team Liquid,LuneX Gaming,Team Liquid,LuneX Gaming,Runasapi,Push,bo5,https://liquipedia.net/overwatch/index.php?title=Overwatch_Champions_Series/2026/NA/Stage_1/Regular_Season,group_stage_scrape
305,owcs_2026_na_s1,na,2026,Stage 1,Week 3,April 4th,2026-04-04,12,3,Team Liquid,LuneX Gaming,LuneX Gaming,Team Liquid,Suravasa,Flashpoint,bo5,https://liquipedia.net/overwatch/index.php?title=Overwatch_Champions_Series/2026/NA/Stage_1/Regular_Season,group_stage_scrape
306,owcs_2026_na_s1,na,2026,Stage 1,Week 3,April 4th,2026-04-04,12,4,Team Liquid,LuneX Gaming,Team Liquid,LuneX Gaming,Watchpoint: Gibraltar,Escort,bo5,https://liquipedia.net/overwatch/index.php?title=Overwatch_Champions_Series/2026/NA/Stage_1/Regular_Season,group_stage_scrape
307,owcs_2026_na_s1,na,2026,Stage 1,Week 3,April 5th,2026-04-05,13,1,disguised,LuneX Gaming,LuneX Gaming,disguised,Lijiang Tower,Control,bo5,https://liquipedia.net/overwatch/index.php?title=Overwatch_Champions_Series/2026/NA/Stage_1/Regular_Season,group_stage_scrape
308,owcs_2026_na_s1,na,2026,Stage 1,Week 3,April 5th,2026-04-05,13,2,disguised,LuneX Gaming,disguised,LuneX Gaming,Watchpoint: Gibraltar,Escort,bo5,https://liquipedia.net/overwatch/index.php?title=Overwatch_Champions_Series/2026/NA/Stage_1/Regular_Season,group_stage_scrape
309,owcs_2026_na_s1,na,2026,Stage 1,Week 3,April 5th,2026-04-05,13,3,disguised,LuneX Gaming,LuneX Gaming,disguised,Suravasa,Flashpoint,bo5,https://liquipedia.net/overwatch/index.php?title=Overwatch_Champions_Series/2026/NA/Stage_1/Regular_Season,group_stage_scrape
310,owcs_2026_na_s1,na,2026,Stage 1,Week 3,April 5th,2026-04-05,13,4,disguised,LuneX Gaming,LuneX Gaming,disguised,Runasapi,Push,bo5,https://liquipedia.net/overwatch/index.php?title=Overwatch_Champions_Series/2026/NA/Stage_1/Regular_Season,group_stage_scrape
311,owcs_2026_na_s1,na,2026,Stage 1,Week 3,April 5th,2026-04-05,14,1,Dallas Fuel,Extinction,Dallas Fuel,Extinction,Busan,Control,bo5,https://liquipedia.net/overwatch/index.php?title=Overwatch_Champions_Series/2026/NA/Stage_1/Regular_Season,group_stage_scrape
312,owcs_2026_na_s1,na,2026,Stage 1,Week 3,April 5th,2026-04-05,14,2,Dallas Fuel,Extinction,Dallas Fuel,Extinction,Numbani,Hybrid,bo5,https://liquipedia.net/overwatch/index.php?title=Overwatch_Champions_Series/2026/NA/Stage_1/Regular_Season,group_stage_scrape
313,owcs_2026_na_s1,na,2026,Stage 1,Week 3,April 5th,2026-04-05,14,3,Dallas Fuel,Extinction,Dallas Fuel,Extinction,Suravasa,Flashpoint,bo5,https://liquipedia.net/overwatch/index.php?title=Overwatch_Champions_Series/2026/NA/Stage_1/Regular_Season,group_stage_scrape
314,owcs_2026_na_s1,na,2026,Stage 1,Week 3,April 5th,2026-04-05,15,1,Spacestation Gaming,Team Liquid,Spacestation Gaming,Team Liquid,Lijiang Tower,Control,bo5,https://liquipedia.net/overwatch/index.php?title=Overwatch_Champions_Series/2026/NA/Stage_1/Regular_Season,group_stage_scrape
315,owcs_2026_na_s1,na,2026,Stage 1,Week 3,April 5th,2026-04-05,15,2,Spacestation Gaming,Team Liquid,Spacestation Gaming,Team Liquid,Aatlis,Flashpoint,bo5,https://liquipedia.net/overwatch/index.php?title=Overwatch_Champions_Series/2026/NA/Stage_1/Regular_Season,group_stage_scrape
316,owcs_2026_na_s1,na,2026,Stage 1,Week 3,April 5th,2026-04-05,15,3,Spacestation Gaming,Team Liquid,Team Liquid,Spacestation Gaming,Runasapi,Push,bo5,https://liquipedia.net/overwatch/index.php?title=Overwatch_Champions_Series/2026/NA/Stage_1/Regular_Season,group_stage_scrape
317,owcs_2026_na_s1,na,2026,Stage 1,Week 3,April 5th,2026-04-05,15,4,Spacestation Gaming,Team Liquid,Spacestation Gaming,Team Liquid,Watchpoint: Gibraltar,Escort,bo5,https://liquipedia.net/overwatch/index.php?title=Overwatch_Champions_Series/2026/NA/Stage_1/Regular_Season,group_stage_scrape
