event_id,season_year,stage_label,week_label,day_label,match_date,match_sort_key,match_order,team_a,team_b,wins_a,wins_b,source_url,source_note
owcs_2024_korea_stage_1,2024,Stage 1,Week 1,Day ?,2024-03-01,2024-03-01 17:00,1,Team Falcons,RunAway,3,0,https://liquipedia.net/overwatch/Team_Falcons/Played_Matches,team played-matches text provided by user
owcs_2024_korea_stage_1,2024,Stage 1,Week 1,Day ?,2024-03-01,2024-03-01 18:30,2,Sin Prisa Gaming,Poker Face,0,3,stage 1 results screenshot provided by user,group stage results matrix/weekly board provided by user
owcs_2024_korea_stage_1,2024,Stage 1,Week 1,Day ?,2024-03-01,2024-03-01 20:00,3,From The Gamer,Vesta Crew,3,0,https://liquipedia.net/overwatch/From_The_Gamer/Played_Matches,team played-matches text provided by user
owcs_2024_korea_stage_1,2024,Stage 1,Week 1,Day ?,2024-03-02,2024-03-02 17:00,1,Team Falcons,Poker Face,3,0,https://liquipedia.net/overwatch/Team_Falcons/Played_Matches,team played-matches text provided by user
owcs_2024_korea_stage_1,2024,Stage 1,Week 1,Day ?,2024-03-02,2024-03-02 18:30,4,From The Gamer,Sin Prisa Gaming,3,0,https://liquipedia.net/overwatch/From_The_Gamer/Played_Matches,team played-matches text provided by user
owcs_2024_korea_stage_1,2024,Stage 1,Week 1,Day ?,2024-03-02,2024-03-02 20:00,5,WAC,Genesis,3,0,stage 1 results screenshot provided by user,group stage results matrix/weekly board provided by user
owcs_2024_korea_stage_1,2024,Stage 1,Week 1,Day ?,2024-03-03,2024-03-03 17:00,6,YETI,Poker Face,3,0,stage 1 results screenshot provided by user,group stage results matrix/weekly board provided by user
owcs_2024_korea_stage_1,2024,Stage 1,Week 1,Day ?,2024-03-03,2024-03-03 20:00,7,Sin Prisa Gaming,WAC,0,3,stage 1 results screenshot provided by user,group stage results matrix/weekly board provided by user
owcs_2024_korea_stage_1,2024,Stage 1,Week 2,Day ?,2024-03-08,2024-03-08 17:00,2,From The Gamer,YETI,3,1,https://liquipedia.net/overwatch/From_The_Gamer/Played_Matches,team played-matches text provided by user
owcs_2024_korea_stage_1,2024,Stage 1,Week 2,Day ?,2024-03-08,2024-03-08 18:30,3,Poker Face,Vesta Crew,3,0,stage 1 results screenshot provided by user,group stage results matrix/weekly board provided by user
owcs_2024_korea_stage_1,2024,Stage 1,Week 2,Day ?,2024-03-09,2024-03-09 17:00,1,Team Falcons,Vesta Crew,3,0,https://liquipedia.net/overwatch/Team_Falcons/Played_Matches,team played-matches text provided by user
owcs_2024_korea_stage_1,2024,Stage 1,Week 2,Day ?,2024-03-09,2024-03-09 18:30,5,YETI,WAC,0,3,stage 1 results screenshot provided by user,group stage results matrix/weekly board provided by user
owcs_2024_korea_stage_1,2024,Stage 1,Week 2,Day ?,2024-03-10,2024-03-10 17:00,6,WAC,Vesta Crew,3,0,stage 1 results screenshot provided by user,group stage results matrix/weekly board provided by user
owcs_2024_korea_stage_1,2024,Stage 1,Week 2,Day ?,2024-03-10,2024-03-10 20:00,7,Poker Face,Genesis,3,1,stage 1 results screenshot provided by user,group stage results matrix/weekly board provided by user
owcs_2024_korea_stage_1,2024,Stage 1,Week 3,Day ?,2024-03-15,2024-03-15 18:30,1,Team Falcons,Genesis,3,0,https://liquipedia.net/overwatch/Team_Falcons/Played_Matches,team played-matches text provided by user
owcs_2024_korea_stage_1,2024,Stage 1,Week 3,Day ?,2024-03-15,2024-03-15 20:00,4,From The Gamer,WAC,1,3,https://liquipedia.net/overwatch/From_The_Gamer/Played_Matches,team played-matches text provided by user
owcs_2024_korea_stage_1,2024,Stage 1,Week 3,Day ?,2024-03-16,2024-03-16 17:00,2,Team Falcons,YETI,3,0,https://liquipedia.net/overwatch/Team_Falcons/Played_Matches,team played-matches text provided by user
owcs_2024_korea_stage_1,2024,Stage 1,Week 3,Day ?,2024-03-16,2024-03-16 20:00,5,From The Gamer,RunAway,3,0,https://liquipedia.net/overwatch/From_The_Gamer/Played_Matches,team played-matches text provided by user
owcs_2024_korea_stage_1,2024,Stage 1,Week 3,Day ?,2024-03-17,2024-03-17 17:00,6,WAC,Poker Face,3,0,stage 1 results screenshot provided by user,group stage results matrix/weekly board provided by user
owcs_2024_korea_stage_1,2024,Stage 1,Week 3,Day ?,2024-03-17,2024-03-17 18:30,3,Team Falcons,From The Gamer,3,2,https://liquipedia.net/overwatch/Team_Falcons/Played_Matches,team played-matches text provided by user
owcs_2024_korea_stage_1,2024,Stage 1,Week 4,Day ?,2024-03-22,2024-03-22 17:00,1,RunAway,WAC,0,3,stage 1 results screenshot provided by user,group stage results matrix/weekly board provided by user
owcs_2024_korea_stage_1,2024,Stage 1,Week 4,Day ?,2024-03-23,2024-03-23 17:00,3,From The Gamer,Genesis,3,0,https://liquipedia.net/overwatch/From_The_Gamer/Played_Matches,team played-matches text provided by user
owcs_2024_korea_stage_1,2024,Stage 1,Week 4,Day ?,2024-03-23,2024-03-23 18:30,1,Team Falcons,WAC,1,3,https://liquipedia.net/overwatch/Team_Falcons/Played_Matches,team played-matches text provided by user
owcs_2024_korea_stage_1,2024,Stage 1,Week 4,Day ?,2024-03-23,2024-03-23 20:00,6,Poker Face,RunAway,3,2,stage 1 results screenshot provided by user,group stage results matrix/weekly board provided by user
owcs_2024_korea_stage_1,2024,Stage 1,Week 4,Day ?,2024-03-24,2024-03-24 17:00,2,Team Falcons,Sin Prisa Gaming,3,0,https://liquipedia.net/overwatch/Team_Falcons/Played_Matches,team played-matches text provided by user
owcs_2024_korea_stage_1,2024,Stage 1,Week 4,Day ?,2024-03-24,2024-03-24 18:30,4,From The Gamer,Poker Face,3,0,https://liquipedia.net/overwatch/From_The_Gamer/Played_Matches,team played-matches text provided by user
owcs_2024_korea_stage_1_lcq,2024,Stage 1,Last Chance Qualifier,Day ?,2024-03-28,2024-03-28 17:00,1,Poker Face,RunAway,3,0,https://liquipedia.net/overwatch/Poker_Face/Played_Matches,team played-matches text provided by user
owcs_2024_korea_stage_1_lcq,2024,Stage 1,Last Chance Qualifier,Day ?,2024-03-28,2024-03-28 19:00,2,Poker Face,Sin Prisa Gaming,1,3,https://liquipedia.net/overwatch/Poker_Face/Played_Matches,team played-matches text provided by user
owcs_2024_korea_stage_1,2024,Stage 1,Seeding Decider,Day ?,2024-03-29,2024-03-29 20:00,1,Team Falcons,From The Gamer,3,1,https://liquipedia.net/overwatch/Team_Falcons/Played_Matches,team played-matches text provided by user
owcs_2024_korea_stage_1,2024,Stage 1,Seeding Decider,Day ?,2024-03-29,2024-03-29 20:00,2,YETI,WAC,3,1,screenshot provided by user,seeding decider screenshot provided by user
owcs_2024_korea_stage_1_lcq,2024,Stage 1,Last Chance Qualifier,Day ?,2024-03-30,2024-03-30 17:00,3,Poker Face,Genesis,3,1,https://liquipedia.net/overwatch/Poker_Face/Played_Matches,team played-matches text provided by user
owcs_2024_korea_stage_1,2024,Stage 1,Seeding Decider,Day ?,2024-03-30,2024-03-30 19:15,5,From The Gamer,WAC,0,3,https://liquipedia.net/overwatch/From_The_Gamer/Played_Matches,team played-matches text provided by user
owcs_2024_korea_stage_1,2024,Stage 1,Seeding Decider,Day ?,2024-03-30,2024-03-30 20:40,2,Team Falcons,YETI,3,2,https://liquipedia.net/overwatch/Team_Falcons/Played_Matches,team played-matches text provided by user
owcs_2024_korea_stage_1_lcq,2024,Stage 1,Last Chance Qualifier,Day ?,2024-03-31,2024-03-31 17:00,4,Poker Face,Sin Prisa Gaming,3,2,https://liquipedia.net/overwatch/Poker_Face/Played_Matches,team played-matches text provided by user
owcs_2024_korea_stage_1,2024,Stage 1,Seeding Decider,Day ?,2024-03-31,2024-03-31 18:30,6,From The Gamer,YETI,3,2,https://liquipedia.net/overwatch/From_The_Gamer/Played_Matches,team played-matches text provided by user
owcs_2024_korea_stage_1,2024,Stage 1,Seeding Decider,Day ?,2024-03-31,2024-03-31 21:30,3,Team Falcons,WAC,1,3,https://liquipedia.net/overwatch/Team_Falcons/Played_Matches,team played-matches text provided by user
owcs_2024_korea_stage_1,2024,Stage 1,Playoffs,Day ?,2024-04-05,2024-04-05 18:30,3,From The Gamer,Poker Face,3,2,https://liquipedia.net/overwatch/From_The_Gamer/Played_Matches,team played-matches text provided by user
owcs_2024_korea_stage_1,2024,Stage 1,Playoffs,Day ?,2024-04-06,2024-04-06 17:00,4,From The Gamer,WAC,0,3,https://liquipedia.net/overwatch/From_The_Gamer/Played_Matches,team played-matches text provided by user
owcs_2024_korea_stage_1,2024,Stage 1,Playoffs,Day ?,2024-04-06,2024-04-06 18:30,1,Team Falcons,YETI,3,1,https://liquipedia.net/overwatch/Team_Falcons/Played_Matches,team played-matches text provided by user
owcs_2024_korea_stage_1,2024,Stage 1,Playoffs,Day ?,2024-04-07,2024-04-07 17:00,5,From The Gamer,YETI,3,0,https://liquipedia.net/overwatch/From_The_Gamer/Played_Matches,team played-matches text provided by user
owcs_2024_korea_stage_1,2024,Stage 1,Playoffs,Day ?,2024-04-07,2024-04-07 18:30,2,Team Falcons,WAC,4,2,https://liquipedia.net/overwatch/Team_Falcons/Played_Matches,team played-matches text provided by user
owcs_2024_korea_stage_2,2024,Stage 2,Week 1,Day ?,2024-08-09,2024-08-09 17:00,1,ZETA DIVISION,Fnatic,3,2,https://liquipedia.net/overwatch/ZETA_DIVISION/Played_Matches,team played-matches text provided by user
owcs_2024_korea_stage_2,2024,Stage 2,Week 1,Day ?,2024-08-09,2024-08-09 22:15,2,Crazy Raccoon,Poker Face,3,0,https://liquipedia.net/overwatch/Crazy_Raccoon/Played_Matches,team played-matches text provided by user
owcs_2024_korea_stage_2,2024,Stage 2,Week 1,Day ?,2024-08-10,2024-08-10 17:00,1,Team Falcons,HaeJeokDan,3,1,https://liquipedia.net/overwatch/Team_Falcons/Played_Matches,team played-matches text provided by user
owcs_2024_korea_stage_2,2024,Stage 2,Week 1,Day ?,2024-08-10,2024-08-10 20:50,3,Crazy Raccoon,Fnatic,3,0,https://liquipedia.net/overwatch/Crazy_Raccoon/Played_Matches,team played-matches text provided by user
owcs_2024_korea_stage_2,2024,Stage 2,Week 1,Day ?,2024-08-11,2024-08-11 21:15,2,Team Falcons,ZETA DIVISION,1,3,https://liquipedia.net/overwatch/Team_Falcons/Played_Matches,team played-matches text provided by user
owcs_2024_korea_stage_2,2024,Stage 2,Week 2,Day ?,2024-08-16,2024-08-16 17:00,1,Team Falcons,Vesta Crew,3,0,https://liquipedia.net/overwatch/Team_Falcons/Played_Matches,team played-matches text provided by user
owcs_2024_korea_stage_2,2024,Stage 2,Week 2,Day ?,2024-08-16,2024-08-16 20:00,3,Crazy Raccoon,Old Ocean,3,0,https://liquipedia.net/overwatch/Crazy_Raccoon/Played_Matches,team played-matches text provided by user
owcs_2024_korea_stage_2,2024,Stage 2,Week 2,Day ?,2024-08-17,2024-08-17 20:00,1,ZETA DIVISION,Vesta Crew,3,0,https://liquipedia.net/overwatch/ZETA_DIVISION/Played_Matches,team played-matches text provided by user
owcs_2024_korea_stage_2,2024,Stage 2,Week 2,Day ?,2024-08-18,2024-08-18 18:30,1,Crazy Raccoon,Team Falcons,3,0,https://liquipedia.net/overwatch/Crazy_Raccoon/Played_Matches,team played-matches text provided by user
owcs_2024_korea_stage_2,2024,Stage 2,Week 2,Day ?,2024-08-18,2024-08-18 20:00,2,ZETA DIVISION,Poker Face,3,2,https://liquipedia.net/overwatch/ZETA_DIVISION/Played_Matches,team played-matches text provided by user
owcs_2024_korea_stage_2,2024,Stage 2,Week 3,Day ?,2024-08-23,2024-08-23 17:00,1,Team Falcons,Poker Face,3,1,https://liquipedia.net/overwatch/Team_Falcons/Played_Matches,team played-matches text provided by user
owcs_2024_korea_stage_2,2024,Stage 2,Week 3,Day ?,2024-08-23,2024-08-23 19:15,3,Crazy Raccoon,HaeJeokDan,3,0,https://liquipedia.net/overwatch/Crazy_Raccoon/Played_Matches,team played-matches text provided by user
owcs_2024_korea_stage_2,2024,Stage 2,Week 3,Day ?,2024-08-24,2024-08-24 18:40,1,ZETA DIVISION,Crazy Raccoon,0,3,https://liquipedia.net/overwatch/ZETA_DIVISION/Played_Matches,team played-matches text provided by user
owcs_2024_korea_stage_2,2024,Stage 2,Week 3,Day ?,2024-08-24,2024-08-24 20:10,2,Team Falcons,Old Ocean,3,0,https://liquipedia.net/overwatch/Team_Falcons/Played_Matches,team played-matches text provided by user
owcs_2024_korea_stage_2,2024,Stage 2,Week 3,Day ?,2024-08-25,2024-08-25 15:00,1,Crazy Raccoon,Vesta Crew,3,0,https://liquipedia.net/overwatch/Crazy_Raccoon/Played_Matches,team played-matches text provided by user
owcs_2024_korea_stage_2,2024,Stage 2,Week 3,Day ?,2024-08-25,2024-08-25 16:30,2,ZETA DIVISION,Old Ocean,3,0,https://liquipedia.net/overwatch/ZETA_DIVISION/Played_Matches,team played-matches text provided by user
owcs_2024_korea_stage_2,2024,Stage 2,Week 3,Day ?,2024-08-25,2024-08-25 18:10,3,Team Falcons,Fnatic,3,0,https://liquipedia.net/overwatch/Team_Falcons/Played_Matches,team played-matches text provided by user
owcs_2024_korea_stage_2,2024,Stage 2,Seeding Decider,Day ?,2024-08-30,2024-08-30 17:00,1,Crazy Raccoon,Poker Face,3,0,https://liquipedia.net/overwatch/Crazy_Raccoon/Played_Matches,team played-matches text provided by user
owcs_2024_korea_stage_2,2024,Stage 2,Seeding Decider,Day ?,2024-08-30,2024-08-30 18:30,1,Team Falcons,ZETA DIVISION,3,2,https://liquipedia.net/overwatch/Team_Falcons/Played_Matches,team played-matches text provided by user
owcs_2024_korea_stage_2,2024,Stage 2,Seeding Decider,Day ?,2024-08-31,2024-08-31 17:00,1,Crazy Raccoon,Team Falcons,3,0,https://liquipedia.net/overwatch/Crazy_Raccoon/Played_Matches,team played-matches text provided by user
owcs_2024_korea_stage_2,2024,Stage 2,Seeding Decider,Day ?,2024-08-31,2024-08-31 18:40,2,ZETA DIVISION,Poker Face,2,3,https://liquipedia.net/overwatch/ZETA_DIVISION/Played_Matches,team played-matches text provided by user
owcs_2024_korea_stage_2,2024,Stage 2,Seeding Decider,Day ?,2024-09-01,2024-09-01 17:00,3,Team Falcons,Poker Face,1,3,https://liquipedia.net/overwatch/Team_Falcons/Played_Matches,team played-matches text provided by user
owcs_2024_korea_stage_2,2024,Stage 2,Seeding Decider,Day ?,2024-09-01,2024-09-01 19:15,2,Crazy Raccoon,ZETA DIVISION,3,2,https://liquipedia.net/overwatch/Crazy_Raccoon/Played_Matches,team played-matches text provided by user
owcs_2024_korea_stage_2,2024,Stage 2,Playoffs,Day ?,2024-09-07,2024-09-07 17:00,1,Team Falcons,Fnatic,3,1,https://liquipedia.net/overwatch/Team_Falcons/Played_Matches,team played-matches text provided by user
owcs_2024_korea_stage_2,2024,Stage 2,Playoffs,Day ?,2024-09-07,2024-09-07 19:00,1,ZETA DIVISION,HaeJeokDan,3,0,https://liquipedia.net/overwatch/ZETA_DIVISION/Played_Matches,team played-matches text provided by user
owcs_2024_korea_stage_2,2024,Stage 2,Playoffs,Day ?,2024-09-08,2024-09-08 17:00,1,Crazy Raccoon,Team Falcons,1,3,https://liquipedia.net/overwatch/Crazy_Raccoon/Played_Matches,team played-matches text provided by user
owcs_2024_korea_stage_2,2024,Stage 2,Playoffs,Day ?,2024-09-08,2024-09-08 19:10,2,ZETA DIVISION,Poker Face,3,1,https://liquipedia.net/overwatch/ZETA_DIVISION/Played_Matches,team played-matches text provided by user
owcs_2024_korea_stage_2,2024,Stage 2,Playoffs,Day ?,2024-09-08,2024-09-08 21:05,2,Crazy Raccoon,Poker Face,3,0,https://liquipedia.net/overwatch/Crazy_Raccoon/Played_Matches,team played-matches text provided by user
owcs_2024_korea_stage_2,2024,Stage 2,Playoffs,Day ?,2024-09-15,2024-09-15 17:00,3,Team Falcons,ZETA DIVISION,4,1,https://liquipedia.net/overwatch/Team_Falcons/Played_Matches,team played-matches text provided by user
owcs_2025_korea_stage_1_promotion_relegation,2025,Promotion/Relegation,Promotion/Relegation,Day ?,2025-05-01,2025-05-01 18:00,1,Poker Face,Old Ocean,3,1,https://liquipedia.net/overwatch/Poker_Face/Played_Matches,team played-matches text provided by user
owcs_2025_korea_stage_1_promotion_relegation,2025,Promotion/Relegation,Promotion/Relegation,Day ?,2025-05-01,2025-05-01 18:00,1,New Era,OSA,3,0,https://liquipedia.net/overwatch/New_Era/Played_Matches,team played-matches text provided by user
owcs_2025_korea_stage_1_promotion_relegation,2025,Promotion/Relegation,Promotion/Relegation,Day ?,2025-05-01,2025-05-01 19:30,2,Poker Face,Vesta Crew,3,0,https://liquipedia.net/overwatch/Poker_Face/Played_Matches,team played-matches text provided by user
owcs_2025_korea_stage_1_promotion_relegation,2025,Promotion/Relegation,Promotion/Relegation,Day ?,2025-05-01,2025-05-01 19:30,2,New Era,ALT,2,3,https://liquipedia.net/overwatch/New_Era/Played_Matches,team played-matches text provided by user
owcs_2025_korea_stage_1_promotion_relegation,2025,Promotion/Relegation,Promotion/Relegation,Day ?,2025-05-02,2025-05-02 18:00,3,New Era,Old Ocean,1,3,https://liquipedia.net/overwatch/New_Era/Played_Matches,team played-matches text provided by user
owcs_2025_korea_stage_1_promotion_relegation,2025,Promotion/Relegation,Promotion/Relegation,Day ?,2025-05-02,2025-05-02 19:30,3,Poker Face,ALT,3,0,https://liquipedia.net/overwatch/Poker_Face/Played_Matches,team played-matches text provided by user
owcs_2025_korea_stage_2_promotion_relegation,2025,Promotion/Relegation,Promotion/Relegation,Day ?,2025-08-17,2025-08-17 00:00,1,New Era,XERO,3,1,https://liquipedia.net/overwatch/New_Era/Played_Matches,team played-matches text provided by user
owcs_2025_korea_stage_2_promotion_relegation,2025,Promotion/Relegation,Promotion/Relegation,Day ?,2025-08-17,2025-08-17 00:01,2,New Era,Vesta Crew,3,2,https://liquipedia.net/overwatch/New_Era/Played_Matches,team played-matches text provided by user
owcs_2025_korea_stage_2_promotion_relegation,2025,Promotion/Relegation,Promotion/Relegation,Day ?,2025-08-17,2025-08-17 17:50,1,Cheeseburger,Old Ocean,1,3,https://liquipedia.net/overwatch/Cheeseburger/Played_Matches,team played-matches text provided by user
owcs_2025_korea_stage_2_promotion_relegation,2025,Promotion/Relegation,Promotion/Relegation,Day ?,2025-08-18,2025-08-18 00:00,1,Cheeseburger,XERO,3,0,https://liquipedia.net/overwatch/Cheeseburger/Played_Matches,team played-matches text provided by user
owcs_2025_korea_stage_2_promotion_relegation,2025,Promotion/Relegation,Promotion/Relegation,Day ?,2025-08-18,2025-08-18 00:00,3,New Era,Old Ocean,0,3,https://liquipedia.net/overwatch/New_Era/Played_Matches,team played-matches text provided by user
owcs_2025_korea_stage_2_promotion_relegation,2025,Promotion/Relegation,Promotion/Relegation,Day ?,2025-08-18,2025-08-18 00:01,2,Cheeseburger,Vesta Crew,3,0,https://liquipedia.net/overwatch/Cheeseburger/Played_Matches,team played-matches text provided by user
owcs_2025_korea_rtwf,2025,Road to World Finals,Play-In,Day ?,2025-10-24,2025-10-24 16:50,1,Team Falcons,ONSIDE GAMING,3,2,https://liquipedia.net/overwatch/Team_Falcons/Played_Matches,team played-matches text provided by user
owcs_2025_korea_rtwf,2025,Road to World Finals,Play-In,Day ?,2025-10-24,2025-10-24 19:30,2,Team Falcons,ZETA DIVISION,3,1,https://liquipedia.net/overwatch/Team_Falcons/Played_Matches,team played-matches text provided by user
owcs_2025_korea_rtwf,2025,Road to World Finals,Playoffs,Day ?,2025-10-25,2025-10-25 15:20,1,Team Falcons,Crazy Raccoon,3,2,https://liquipedia.net/overwatch/Team_Falcons/Played_Matches,team played-matches text provided by user
owcs_2025_korea_road_to_world_finals,2025,Road to World Finals,Playoffs,Day ?,2025-10-25,2025-10-25 18:00,2,T1,WAE,3,2,https://liquipedia.net/overwatch/T1/Played_Matches,team played-matches text provided by user
owcs_2025_korea_rtwf,2025,Road to World Finals,Playoffs,Day ?,2025-10-25,2025-10-25 20:20,2,Team Falcons,T1,3,1,https://liquipedia.net/overwatch/Team_Falcons/Played_Matches,team played-matches text provided by user
owcs_2025_korea_road_to_world_finals,2025,Road to World Finals,Playoffs,Day ?,2025-10-26,2025-10-26 15:10,1,Crazy Raccoon,WAE,3,0,https://liquipedia.net/overwatch/Crazy_Raccoon/Played_Matches,team played-matches text provided by user
owcs_2025_korea_road_to_world_finals,2025,Road to World Finals,Playoffs,Day ?,2025-10-26,2025-10-26 16:50,2,Crazy Raccoon,T1,3,0,https://liquipedia.net/overwatch/Crazy_Raccoon/Played_Matches,team played-matches text provided by user
owcs_2025_korea_rtwf,2025,Road to World Finals,Playoffs,Day ?,2025-10-26,2025-10-26 18:00,3,Team Falcons,Crazy Raccoon,3,4,https://liquipedia.net/overwatch/Team_Falcons/Played_Matches,team played-matches text provided by user
owcs_2025_korea_stage_1,2025,Stage 1,Week 1,Day ?,2025-01-24,2025-01-24 17:00,1,Team Falcons,New Era,3,1,https://liquipedia.net/overwatch/Team_Falcons/Played_Matches,team played-matches text provided by user
owcs_2025_korea_stage_1,2025,Stage 1,Week 1,Day ?,2025-01-24,2025-01-24 19:30,1,ZETA DIVISION,Crazy Raccoon,1,3,https://liquipedia.net/overwatch/ZETA_DIVISION/Played_Matches,team played-matches text provided by user
owcs_2025_korea_stage_1,2025,Stage 1,Week 1,Day ?,2025-01-24,2025-01-24 22:15,4,Poker Face,WAY,0,3,https://liquipedia.net/overwatch/Poker_Face/Played_Matches,team played-matches text provided by user
owcs_2025_korea_stage_1,2025,Stage 1,Week 1,Day ?,2025-01-25,2025-01-25 17:00,1,T1,Vesta Crew,3,0,https://liquipedia.net/overwatch/T1/Played_Matches,team played-matches text provided by user
owcs_2025_korea_stage_1,2025,Stage 1,Week 1,Day ?,2025-01-25,2025-01-25 18:50,2,Team Falcons,Poker Face,3,0,https://liquipedia.net/overwatch/Team_Falcons/Played_Matches,team played-matches text provided by user
owcs_2025_korea_stage_1,2025,Stage 1,Week 1,Day ?,2025-01-25,2025-01-25 20:20,3,Crazy Raccoon,From The Gamer,3,1,https://liquipedia.net/overwatch/Crazy_Raccoon/Played_Matches,team played-matches text provided by user
owcs_2025_korea_stage_1,2025,Stage 1,Week 1,Day ?,2025-01-26,2025-01-26 18:30,2,ZETA DIVISION,T1,3,2,https://liquipedia.net/overwatch/ZETA_DIVISION/Played_Matches,team played-matches text provided by user
owcs_2025_korea_stage_1,2025,Stage 1,Week 1,Day ?,2025-01-26,2025-01-26 20:55,3,New Era,From The Gamer,0,3,https://liquipedia.net/overwatch/New_Era/Played_Matches,team played-matches text provided by user
owcs_2025_korea_stage_1,2025,Stage 1,Week 2,Day ?,2025-01-31,2025-01-31 17:00,1,Poker Face,T1,1,3,https://liquipedia.net/overwatch/Poker_Face/Played_Matches,team played-matches text provided by user
owcs_2025_korea_stage_1,2025,Stage 1,Week 2,Day ?,2025-01-31,2025-01-31 18:55,1,ZETA DIVISION,From The Gamer,3,2,https://liquipedia.net/overwatch/ZETA_DIVISION/Played_Matches,team played-matches text provided by user
owcs_2025_korea_stage_1,2025,Stage 1,Week 2,Day ?,2025-01-31,2025-01-31 21:10,1,Team Falcons,Vesta Crew,3,1,https://liquipedia.net/overwatch/Team_Falcons/Played_Matches,team played-matches text provided by user
owcs_2025_korea_stage_1,2025,Stage 1,Week 2,Day ?,2025-02-01,2025-02-01 17:00,1,T1,New Era,3,0,https://liquipedia.net/overwatch/T1/Played_Matches,team played-matches text provided by user
owcs_2025_korea_stage_1,2025,Stage 1,Week 2,Day ?,2025-02-01,2025-02-01 18:50,1,Crazy Raccoon,WAY,3,0,https://liquipedia.net/overwatch/Crazy_Raccoon/Played_Matches,team played-matches text provided by user
owcs_2025_korea_stage_1,2025,Stage 1,Week 2,Day ?,2025-02-01,2025-02-01 20:20,2,Poker Face,From The Gamer,1,3,https://liquipedia.net/overwatch/Poker_Face/Played_Matches,team played-matches text provided by user
owcs_2025_korea_stage_1,2025,Stage 1,Week 2,Day ?,2025-02-02,2025-02-02 17:00,1,Crazy Raccoon,Vesta Crew,3,0,https://liquipedia.net/overwatch/Crazy_Raccoon/Played_Matches,team played-matches text provided by user
owcs_2025_korea_stage_1,2025,Stage 1,Week 2,Day ?,2025-02-02,2025-02-02 18:55,2,New Era,WAY,2,3,https://liquipedia.net/overwatch/New_Era/Played_Matches,team played-matches text provided by user
owcs_2025_korea_stage_1,2025,Stage 1,Week 2,Day ?,2025-02-02,2025-02-02 21:00,2,Team Falcons,ZETA DIVISION,3,1,https://liquipedia.net/overwatch/Team_Falcons/Played_Matches,team played-matches text provided by user
owcs_2025_korea_stage_1,2025,Stage 1,Week 3,Day ?,2025-02-07,2025-02-07 17:00,1,Team Falcons,From The Gamer,3,2,https://liquipedia.net/overwatch/Team_Falcons/Played_Matches,team played-matches text provided by user
owcs_2025_korea_stage_1,2025,Stage 1,Week 3,Day ?,2025-02-07,2025-02-07 19:45,2,Crazy Raccoon,T1,3,0,https://liquipedia.net/overwatch/Crazy_Raccoon/Played_Matches,team played-matches text provided by user
owcs_2025_korea_stage_1,2025,Stage 1,Week 3,Day ?,2025-02-07,2025-02-07 21:05,3,New Era,Vesta Crew,3,1,https://liquipedia.net/overwatch/New_Era/Played_Matches,team played-matches text provided by user
owcs_2025_korea_stage_1,2025,Stage 1,Week 3,Day ?,2025-02-08,2025-02-08 18:55,1,Poker Face,Vesta Crew,3,0,https://liquipedia.net/overwatch/Poker_Face/Played_Matches,team played-matches text provided by user
owcs_2025_korea_stage_1,2025,Stage 1,Week 3,Day ?,2025-02-08,2025-02-08 20:15,2,Crazy Raccoon,New Era,3,0,https://liquipedia.net/overwatch/Crazy_Raccoon/Played_Matches,team played-matches text provided by user
owcs_2025_korea_stage_1,2025,Stage 1,Week 3,Day ?,2025-02-09,2025-02-09 18:45,1,T1,Team Falcons,2,3,https://liquipedia.net/overwatch/T1/Played_Matches,team played-matches text provided by user
owcs_2025_korea_stage_1,2025,Stage 1,Week 4,Day ?,2025-02-14,2025-02-14 17:00,1,Crazy Raccoon,Poker Face,3,1,https://liquipedia.net/overwatch/Crazy_Raccoon/Played_Matches,team played-matches text provided by user
owcs_2025_korea_stage_1,2025,Stage 1,Week 4,Day ?,2025-02-14,2025-02-14 19:05,2,T1,From The Gamer,3,1,https://liquipedia.net/overwatch/T1/Played_Matches,team played-matches text provided by user
owcs_2025_korea_stage_1,2025,Stage 1,Week 4,Day ?,2025-02-14,2025-02-14 20:55,1,Team Falcons,WAY,1,3,https://liquipedia.net/overwatch/Team_Falcons/Played_Matches,team played-matches text provided by user
owcs_2025_korea_stage_1,2025,Stage 1,Week 4,Day ?,2025-02-15,2025-02-15 17:00,1,ZETA DIVISION,New Era,3,0,https://liquipedia.net/overwatch/ZETA_DIVISION/Played_Matches,team played-matches text provided by user
owcs_2025_korea_stage_1,2025,Stage 1,Week 4,Day ?,2025-02-15,2025-02-15 20:00,2,T1,WAY,0,3,https://liquipedia.net/overwatch/T1/Played_Matches,team played-matches text provided by user
owcs_2025_korea_stage_1,2025,Stage 1,Week 4,Day ?,2025-02-16,2025-02-16 17:00,1,Poker Face,New Era,3,1,https://liquipedia.net/overwatch/Poker_Face/Played_Matches,team played-matches text provided by user
owcs_2025_korea_stage_1,2025,Stage 1,Week 4,Day ?,2025-02-16,2025-02-16 18:55,1,Crazy Raccoon,Team Falcons,3,2,https://liquipedia.net/overwatch/Crazy_Raccoon/Played_Matches,team played-matches text provided by user
owcs_2025_korea_stage_1,2025,Stage 1,Week 4,Day ?,2025-02-16,2025-02-16 21:00,2,ZETA DIVISION,Vesta Crew,3,0,https://liquipedia.net/overwatch/ZETA_DIVISION/Played_Matches,team played-matches text provided by user
owcs_2025_korea_stage_1_lcq,2025,Stage 1,Last Chance Qualifier,Day ?,2025-02-21,2025-02-21 17:00,1,T1,From The Gamer,3,0,https://liquipedia.net/overwatch/T1/Played_Matches,team played-matches text provided by user
owcs_2025_korea_stage_1,2025,Stage 1,Seeding Decider,Day ?,2025-02-21,2025-02-21 19:00,1,Crazy Raccoon,WAY,3,1,https://liquipedia.net/overwatch/Crazy_Raccoon/Played_Matches,team played-matches text provided by user
owcs_2025_korea_stage_1,2025,Stage 1,Seeding Decider,Day ?,2025-02-21,2025-02-21 21:00,1,Team Falcons,ZETA DIVISION,1,3,https://liquipedia.net/overwatch/Team_Falcons/Played_Matches,team played-matches text provided by user
owcs_2025_korea_stage_1,2025,Stage 1,Last Chance Qualifier,Day ?,2025-02-22,2025-02-22 17:00,1,Poker Face,New Era,1,3,https://liquipedia.net/overwatch/Poker_Face/Played_Matches,team played-matches text provided by user
owcs_2025_korea_stage_1,2025,Stage 1,Seeding Decider,Day ?,2025-02-22,2025-02-22 19:10,1,ZETA DIVISION,WAY,3,1,https://liquipedia.net/overwatch/ZETA_DIVISION/Played_Matches,team played-matches text provided by user
owcs_2025_korea_stage_1,2025,Stage 1,Seeding Decider,Day ?,2025-02-22,2025-02-22 21:05,2,Team Falcons,Crazy Raccoon,3,2,https://liquipedia.net/overwatch/Team_Falcons/Played_Matches,team played-matches text provided by user
owcs_2025_korea_stage_1_lcq,2025,Stage 1,Last Chance Qualifier,Day ?,2025-02-23,2025-02-23 17:00,1,New Era,From The Gamer,0,3,https://liquipedia.net/overwatch/New_Era/Played_Matches,team played-matches text provided by user
owcs_2025_korea_stage_1,2025,Stage 1,Seeding Decider,Day ?,2025-02-23,2025-02-23 18:55,3,Team Falcons,WAY,3,0,https://liquipedia.net/overwatch/Team_Falcons/Played_Matches,team played-matches text provided by user
owcs_2025_korea_stage_1,2025,Stage 1,Seeding Decider,Day ?,2025-02-23,2025-02-23 20:30,2,ZETA DIVISION,Crazy Raccoon,3,1,https://liquipedia.net/overwatch/ZETA_DIVISION/Played_Matches,team played-matches text provided by user
owcs_2025_korea_stage_1,2025,Stage 1,Regional Playoffs,Day ?,2025-02-28,2025-02-28 17:20,1,Crazy Raccoon,From The Gamer,4,0,https://liquipedia.net/overwatch/Crazy_Raccoon/Played_Matches,team played-matches text provided by user
owcs_2025_korea_stage_1,2025,Stage 1,Regional Playoffs,Day ?,2025-02-28,2025-02-28 19:20,2,T1,WAY,1,4,https://liquipedia.net/overwatch/T1/Played_Matches,team played-matches text provided by user
owcs_2025_korea_stage_1,2025,Stage 1,Regional Playoffs,Day ?,2025-03-01,2025-03-01 17:00,1,ZETA DIVISION,WAY,4,2,https://liquipedia.net/overwatch/ZETA_DIVISION/Played_Matches,team played-matches text provided by user
owcs_2025_korea_stage_1,2025,Stage 1,Regional Playoffs,Day ?,2025-03-01,2025-03-01 20:20,1,Team Falcons,Crazy Raccoon,0,4,https://liquipedia.net/overwatch/Team_Falcons/Played_Matches,team played-matches text provided by user
owcs_2025_korea_stage_1,2025,Stage 1,Regional Playoffs,Day ?,2025-03-02,2025-03-02 19:15,2,ZETA DIVISION,Crazy Raccoon,2,4,https://liquipedia.net/overwatch/ZETA_DIVISION/Played_Matches,team played-matches text provided by user
owcs_2025_korea_stage_2,2025,Stage 2,Week 1,Day ?,2025-05-09,2025-05-09 17:10,1,Crazy Raccoon,Old Ocean,3,0,https://liquipedia.net/overwatch/Crazy_Raccoon/Played_Matches,team played-matches text provided by user
owcs_2025_korea_stage_2,2025,Stage 2,Week 1,Day ?,2025-05-09,2025-05-09 18:30,1,Team Falcons,T1,3,2,https://liquipedia.net/overwatch/Team_Falcons/Played_Matches,team played-matches text provided by user
owcs_2025_korea_stage_2,2025,Stage 2,Week 1,Day ?,2025-05-09,2025-05-09 21:05,2,ZETA DIVISION,Vesta Crew,3,1,https://liquipedia.net/overwatch/ZETA_DIVISION/Played_Matches,team played-matches text provided by user
owcs_2025_korea_stage_2,2025,Stage 2,Week 1,Day ?,2025-05-10,2025-05-10 17:10,1,ONSIDE GAMING,WAY,0,3,https://liquipedia.net/overwatch/ONSIDE_GAMING/Played_Matches,team played-matches text provided by user
owcs_2025_korea_stage_2,2025,Stage 2,Week 1,Day ?,2025-05-10,2025-05-10 18:30,1,Crazy Raccoon,Vesta Crew,3,0,https://liquipedia.net/overwatch/Crazy_Raccoon/Played_Matches,team played-matches text provided by user
owcs_2025_korea_stage_2,2025,Stage 2,Week 1,Day ?,2025-05-10,2025-05-10 19:45,2,Team Falcons,Poker Face,3,1,https://liquipedia.net/overwatch/Team_Falcons/Played_Matches,team played-matches text provided by user
owcs_2025_korea_stage_2,2025,Stage 2,Week 1,Day ?,2025-05-11,2025-05-11 17:10,1,ZETA DIVISION,ONSIDE GAMING,3,1,https://liquipedia.net/overwatch/ZETA_DIVISION/Played_Matches,team played-matches text provided by user
owcs_2025_korea_stage_2,2025,Stage 2,Week 1,Day ?,2025-05-11,2025-05-11 18:50,1,T1,WAY,0,3,https://liquipedia.net/overwatch/T1/Played_Matches,team played-matches text provided by user
owcs_2025_korea_stage_2,2025,Stage 2,Week 1,Day ?,2025-05-11,2025-05-11 20:25,2,Poker Face,Old Ocean,0,3,https://liquipedia.net/overwatch/Poker_Face/Played_Matches,team played-matches text provided by user
owcs_2025_korea_stage_2,2025,Stage 2,Week 2,Day ?,2025-05-16,2025-05-16 19:00,1,Team Falcons,ZETA DIVISION,1,3,https://liquipedia.net/overwatch/Team_Falcons/Played_Matches,team played-matches text provided by user
owcs_2025_korea_stage_2,2025,Stage 2,Week 2,Day ?,2025-05-16,2025-05-16 20:40,2,Poker Face,T1,1,3,https://liquipedia.net/overwatch/Poker_Face/Played_Matches,team played-matches text provided by user
owcs_2025_korea_stage_2,2025,Stage 2,Week 2,Day ?,2025-05-17,2025-05-17 19:30,2,Crazy Raccoon,ONSIDE GAMING,3,0,https://liquipedia.net/overwatch/Crazy_Raccoon/Played_Matches,team played-matches text provided by user
owcs_2025_korea_stage_2,2025,Stage 2,Week 2,Day ?,2025-05-17,2025-05-17 20:50,2,Poker Face,Vesta Crew,3,2,https://liquipedia.net/overwatch/Poker_Face/Played_Matches,team played-matches text provided by user
owcs_2025_korea_stage_2,2025,Stage 2,Week 2,Day ?,2025-05-18,2025-05-18 17:00,1,ZETA DIVISION,Old Ocean,3,1,https://liquipedia.net/overwatch/ZETA_DIVISION/Played_Matches,team played-matches text provided by user
owcs_2025_korea_stage_2,2025,Stage 2,Week 2,Day ?,2025-05-18,2025-05-18 19:00,2,Crazy Raccoon,T1,1,3,https://liquipedia.net/overwatch/Crazy_Raccoon/Played_Matches,team played-matches text provided by user
owcs_2025_korea_stage_2,2025,Stage 2,Week 2,Day ?,2025-05-18,2025-05-18 20:30,2,Team Falcons,ONSIDE GAMING,3,1,https://liquipedia.net/overwatch/Team_Falcons/Played_Matches,team played-matches text provided by user
owcs_2025_korea_stage_2,2025,Stage 2,Week 3,Day ?,2025-05-23,2025-05-23 17:10,1,ONSIDE GAMING,Old Ocean,1,3,https://liquipedia.net/overwatch/ONSIDE_GAMING/Played_Matches,team played-matches text provided by user
owcs_2025_korea_stage_2,2025,Stage 2,Week 3,Day ?,2025-05-23,2025-05-23 19:30,1,Team Falcons,All Gamers Global,0,3,https://liquipedia.net/overwatch/Team_Falcons/Played_Matches,team played-matches text provided by user
owcs_2025_korea_stage_2,2025,Stage 2,Week 3,Day ?,2025-05-23,2025-05-23 20:50,2,Crazy Raccoon,Poker Face,3,0,https://liquipedia.net/overwatch/Crazy_Raccoon/Played_Matches,team played-matches text provided by user
owcs_2025_korea_stage_2,2025,Stage 2,Week 3,Day ?,2025-05-24,2025-05-24 17:10,1,ONSIDE GAMING,Vesta Crew,3,2,https://liquipedia.net/overwatch/ONSIDE_GAMING/Played_Matches,team played-matches text provided by user
owcs_2025_korea_stage_2,2025,Stage 2,Week 3,Day ?,2025-05-24,2025-05-24 19:25,1,ZETA DIVISION,T1,2,3,https://liquipedia.net/overwatch/ZETA_DIVISION/Played_Matches,team played-matches text provided by user
owcs_2025_korea_stage_2,2025,Stage 2,Week 3,Day ?,2025-05-24,2025-05-24 21:30,2,Team Falcons,Old Ocean,3,0,https://liquipedia.net/overwatch/Team_Falcons/Played_Matches,team played-matches text provided by user
owcs_2025_korea_stage_2,2025,Stage 2,Week 3,Day ?,2025-05-25,2025-05-25 17:00,1,T1,Vesta Crew,3,0,https://liquipedia.net/overwatch/T1/Played_Matches,team played-matches text provided by user
owcs_2025_korea_stage_2,2025,Stage 2,Week 3,Day ?,2025-05-25,2025-05-25 18:20,1,Crazy Raccoon,All Gamers Global,3,1,https://liquipedia.net/overwatch/Crazy_Raccoon/Played_Matches,team played-matches text provided by user
owcs_2025_korea_stage_2,2025,Stage 2,Week 3,Day ?,2025-05-25,2025-05-25 20:20,2,ZETA DIVISION,Poker Face,3,1,https://liquipedia.net/overwatch/ZETA_DIVISION/Played_Matches,team played-matches text provided by user
owcs_2025_korea_stage_2,2025,Stage 2,Week 4,Day ?,2025-05-30,2025-05-30 17:10,1,Poker Face,All Gamers Global,3,1,https://liquipedia.net/overwatch/Poker_Face/Played_Matches,team played-matches text provided by user
owcs_2025_korea_stage_2,2025,Stage 2,Week 4,Day ?,2025-05-30,2025-05-30 18:50,1,ZETA DIVISION,Crazy Raccoon,0,3,https://liquipedia.net/overwatch/ZETA_DIVISION/Played_Matches,team played-matches text provided by user
owcs_2025_korea_stage_2,2025,Stage 2,Week 4,Day ?,2025-05-30,2025-05-30 20:20,1,Team Falcons,Vesta Crew,3,0,https://liquipedia.net/overwatch/Team_Falcons/Played_Matches,team played-matches text provided by user
owcs_2025_korea_stage_2,2025,Stage 2,Week 4,Day ?,2025-05-31,2025-05-31 17:10,1,T1,Old Ocean,3,0,https://liquipedia.net/overwatch/T1/Played_Matches,team played-matches text provided by user
owcs_2025_korea_stage_2,2025,Stage 2,Week 4,Day ?,2025-05-31,2025-05-31 18:40,2,ZETA DIVISION,All Gamers Global,0,3,https://liquipedia.net/overwatch/ZETA_DIVISION/Played_Matches,team played-matches text provided by user
owcs_2025_korea_stage_2,2025,Stage 2,Week 4,Day ?,2025-05-31,2025-05-31 19:50,2,Poker Face,ONSIDE GAMING,3,2,https://liquipedia.net/overwatch/Poker_Face/Played_Matches,team played-matches text provided by user
owcs_2025_korea_stage_2,2025,Stage 2,Week 4,Day ?,2025-06-01,2025-06-01 18:35,1,Crazy Raccoon,Team Falcons,3,0,https://liquipedia.net/overwatch/Crazy_Raccoon/Played_Matches,team played-matches text provided by user
owcs_2025_korea_stage_2,2025,Stage 2,Week 4,Day ?,2025-06-01,2025-06-01 20:00,2,ONSIDE GAMING,T1,0,3,https://liquipedia.net/overwatch/ONSIDE_GAMING/Played_Matches,team played-matches text provided by user
owcs_2025_korea_stage_2,2025,Stage 2,LCQ,Day ?,2025-06-13,2025-06-13 17:00,1,Team Falcons,Old Ocean,3,1,https://liquipedia.net/overwatch/Team_Falcons/Played_Matches,team played-matches text provided by user
owcs_2025_korea_stage_2,2025,Stage 2,Seeding Decider,Day ?,2025-06-13,2025-06-13 19:00,1,ZETA DIVISION,Crazy Raccoon,3,2,https://liquipedia.net/overwatch/ZETA_DIVISION/Played_Matches,team played-matches text provided by user
owcs_2025_korea_stage_2,2025,Stage 2,Seeding Decider,Day ?,2025-06-13,2025-06-13 21:25,3,T1,All Gamers Global,3,1,https://liquipedia.net/overwatch/T1/Played_Matches,team played-matches text provided by user
owcs_2025_korea_stage_2_lcq,2025,Stage 2,Last Chance Qualifier,Day ?,2025-06-14,2025-06-14 17:00,1,Poker Face,ONSIDE GAMING,1,3,https://liquipedia.net/overwatch/Poker_Face/Played_Matches,team played-matches text provided by user
owcs_2025_korea_stage_2,2025,Stage 2,Seeding Decider,Day ?,2025-06-14,2025-06-14 19:10,2,ZETA DIVISION,All Gamers Global,2,3,https://liquipedia.net/overwatch/ZETA_DIVISION/Played_Matches,team played-matches text provided by user
owcs_2025_korea_stage_2,2025,Stage 2,Seeding Decider,Day ?,2025-06-14,2025-06-14 21:15,2,Crazy Raccoon,T1,1,3,https://liquipedia.net/overwatch/Crazy_Raccoon/Played_Matches,team played-matches text provided by user
owcs_2025_korea_stage_2_lcq,2025,Stage 2,Last Chance Qualifier,Day ?,2025-06-15,2025-06-15 17:20,2,ONSIDE GAMING,Old Ocean,3,1,https://liquipedia.net/overwatch/ONSIDE_GAMING/Played_Matches,team played-matches text provided by user
owcs_2025_korea_stage_2,2025,Stage 2,Seeding Decider,Day ?,2025-06-15,2025-06-15 19:05,2,T1,ZETA DIVISION,3,1,https://liquipedia.net/overwatch/T1/Played_Matches,team played-matches text provided by user
owcs_2025_korea_stage_2,2025,Stage 2,Seeding Decider,Day ?,2025-06-15,2025-06-15 20:45,2,Crazy Raccoon,All Gamers Global,0,3,https://liquipedia.net/overwatch/Crazy_Raccoon/Played_Matches,team played-matches text provided by user
owcs_2025_korea_stage_2,2025,Stage 2,Regional Playoffs,Day ?,2025-06-20,2025-06-20 17:00,1,ZETA DIVISION,ONSIDE GAMING,4,0,https://liquipedia.net/overwatch/ZETA_DIVISION/Played_Matches,team played-matches text provided by user
owcs_2025_korea_stage_2,2025,Stage 2,Regional Playoffs,Day ?,2025-06-20,2025-06-20 18:55,1,Team Falcons,Crazy Raccoon,2,4,https://liquipedia.net/overwatch/Team_Falcons/Played_Matches,team played-matches text provided by user
owcs_2025_korea_stage_2,2025,Stage 2,Regional Playoffs,Day ?,2025-06-21,2025-06-21 17:00,1,T1,ZETA DIVISION,4,0,https://liquipedia.net/overwatch/T1/Played_Matches,team played-matches text provided by user
owcs_2025_korea_stage_2,2025,Stage 2,Regional Playoffs,Day ?,2025-06-21,2025-06-21 18:55,2,Crazy Raccoon,All Gamers Global,4,0,https://liquipedia.net/overwatch/Crazy_Raccoon/Played_Matches,team played-matches text provided by user
owcs_2025_korea_stage_2,2025,Stage 2,Regional Playoffs,Day ?,2025-06-22,2025-06-22 17:10,3,ZETA DIVISION,All Gamers Global,1,4,https://liquipedia.net/overwatch/ZETA_DIVISION/Played_Matches,team played-matches text provided by user
owcs_2025_korea_stage_2,2025,Stage 2,Regional Playoffs,Day ?,2025-06-22,2025-06-22 19:30,2,Crazy Raccoon,T1,4,2,https://liquipedia.net/overwatch/Crazy_Raccoon/Played_Matches,team played-matches text provided by user
owcs_2025_korea_stage_3,2025,Stage 3,Week 1,Day ?,2025-08-29,2025-08-29 17:10,1,ZETA DIVISION,Cheeseburger,3,2,https://liquipedia.net/overwatch/ZETA_DIVISION/Played_Matches,team played-matches text provided by user
owcs_2025_korea_stage_3,2025,Stage 3,Week 1,Day ?,2025-08-29,2025-08-29 19:50,1,Team Falcons,Crazy Raccoon,0,3,https://liquipedia.net/overwatch/Team_Falcons/Played_Matches,team played-matches text provided by user
owcs_2025_korea_stage_3,2025,Stage 3,Week 1,Day ?,2025-08-29,2025-08-29 21:20,2,T1,MIR,3,0,https://liquipedia.net/overwatch/T1/Played_Matches,team played-matches text provided by user
owcs_2025_korea_stage_3,2025,Stage 3,Week 1,Day ?,2025-08-30,2025-08-30 17:10,1,ONSIDE GAMING,Team Falcons,0,3,https://liquipedia.net/overwatch/ONSIDE_GAMING/Played_Matches,team played-matches text provided by user
owcs_2025_korea_stage_3,2025,Stage 3,Week 1,Day ?,2025-08-30,2025-08-30 21:15,2,T1,Cheeseburger,3,0,https://liquipedia.net/overwatch/T1/Played_Matches,team played-matches text provided by user
owcs_2025_korea_stage_3,2025,Stage 3,Week 1,Day ?,2025-08-31,2025-08-31 17:10,1,ONSIDE GAMING,MIR,3,0,https://liquipedia.net/overwatch/ONSIDE_GAMING/Played_Matches,team played-matches text provided by user
owcs_2025_korea_stage_3,2025,Stage 3,Week 1,Day ?,2025-08-31,2025-08-31 18:55,2,ZETA DIVISION,Old Ocean,3,0,https://liquipedia.net/overwatch/ZETA_DIVISION/Played_Matches,team played-matches text provided by user
owcs_2025_korea_stage_3,2025,Stage 3,Week 1,Day ?,2025-08-31,2025-08-31 20:10,2,Crazy Raccoon,WAE,3,0,https://liquipedia.net/overwatch/Crazy_Raccoon/Played_Matches,team played-matches text provided by user
owcs_2025_korea_stage_3,2025,Stage 3,Week 2,Day ?,2025-09-05,2025-09-05 17:10,1,Cheeseburger,WAE,0,3,https://liquipedia.net/overwatch/Cheeseburger/Played_Matches,team played-matches text provided by user
owcs_2025_korea_stage_3,2025,Stage 3,Week 2,Day ?,2025-09-05,2025-09-05 18:20,1,Crazy Raccoon,ONSIDE GAMING,3,0,https://liquipedia.net/overwatch/Crazy_Raccoon/Played_Matches,team played-matches text provided by user
owcs_2025_korea_stage_3,2025,Stage 3,Week 2,Day ?,2025-09-05,2025-09-05 19:40,1,Team Falcons,ZETA DIVISION,2,3,https://liquipedia.net/overwatch/Team_Falcons/Played_Matches,team played-matches text provided by user
owcs_2025_korea_stage_3,2025,Stage 3,Week 2,Day ?,2025-09-06,2025-09-06 18:25,1,T1,Old Ocean,3,0,https://liquipedia.net/overwatch/T1/Played_Matches,team played-matches text provided by user
owcs_2025_korea_stage_3,2025,Stage 3,Week 2,Day ?,2025-09-06,2025-09-06 19:45,1,ONSIDE GAMING,Cheeseburger,3,0,https://liquipedia.net/overwatch/ONSIDE_GAMING/Played_Matches,team played-matches text provided by user
owcs_2025_korea_stage_3,2025,Stage 3,Week 2,Day ?,2025-09-07,2025-09-07 17:00,1,ZETA DIVISION,MIR,3,0,https://liquipedia.net/overwatch/ZETA_DIVISION/Played_Matches,team played-matches text provided by user
owcs_2025_korea_stage_3,2025,Stage 3,Week 2,Day ?,2025-09-07,2025-09-07 18:25,2,Crazy Raccoon,T1,0,3,https://liquipedia.net/overwatch/Crazy_Raccoon/Played_Matches,team played-matches text provided by user
owcs_2025_korea_stage_3,2025,Stage 3,Week 2,Day ?,2025-09-07,2025-09-07 19:50,2,Team Falcons,Old Ocean,3,0,https://liquipedia.net/overwatch/Team_Falcons/Played_Matches,team played-matches text provided by user
owcs_2025_korea_stage_3,2025,Stage 3,Week 3,Day ?,2025-09-12,2025-09-12 17:10,1,Team Falcons,WAE,3,0,https://liquipedia.net/overwatch/Team_Falcons/Played_Matches,team played-matches text provided by user
owcs_2025_korea_stage_3,2025,Stage 3,Week 3,Day ?,2025-09-12,2025-09-12 20:00,1,ONSIDE GAMING,T1,0,3,https://liquipedia.net/overwatch/ONSIDE_GAMING/Played_Matches,team played-matches text provided by user
owcs_2025_korea_stage_3,2025,Stage 3,Week 3,Day ?,2025-09-13,2025-09-13 17:10,2,Team Falcons,MIR,3,0,https://liquipedia.net/overwatch/Team_Falcons/Played_Matches,team played-matches text provided by user
owcs_2025_korea_stage_3,2025,Stage 3,Week 3,Day ?,2025-09-13,2025-09-13 18:25,1,ZETA DIVISION,Crazy Raccoon,0,3,https://liquipedia.net/overwatch/ZETA_DIVISION/Played_Matches,team played-matches text provided by user
owcs_2025_korea_stage_3,2025,Stage 3,Week 3,Day ?,2025-09-13,2025-09-13 20:00,1,Cheeseburger,Old Ocean,2,3,https://liquipedia.net/overwatch/Cheeseburger/Played_Matches,team played-matches text provided by user
owcs_2025_korea_stage_3,2025,Stage 3,Week 3,Day ?,2025-09-14,2025-09-14 17:10,1,ONSIDE GAMING,ZETA DIVISION,2,3,https://liquipedia.net/overwatch/ONSIDE_GAMING/Played_Matches,team played-matches text provided by user
owcs_2025_korea_stage_3,2025,Stage 3,Week 3,Day ?,2025-09-14,2025-09-14 19:35,2,Crazy Raccoon,Cheeseburger,3,0,https://liquipedia.net/overwatch/Crazy_Raccoon/Played_Matches,team played-matches text provided by user
owcs_2025_korea_stage_3,2025,Stage 3,Week 3,Day ?,2025-09-14,2025-09-14 21:10,2,T1,WAE,3,0,https://liquipedia.net/overwatch/T1/Played_Matches,team played-matches text provided by user
owcs_2025_korea_stage_3,2025,Stage 3,Week 4,Day ?,2025-09-19,2025-09-19 17:10,1,ZETA DIVISION,T1,1,3,https://liquipedia.net/overwatch/ZETA_DIVISION/Played_Matches,team played-matches text provided by user
owcs_2025_korea_stage_3,2025,Stage 3,Week 4,Day ?,2025-09-19,2025-09-19 18:55,1,ONSIDE GAMING,WAE,3,2,https://liquipedia.net/overwatch/ONSIDE_GAMING/Played_Matches,team played-matches text provided by user
owcs_2025_korea_stage_3,2025,Stage 3,Week 4,Day ?,2025-09-19,2025-09-19 21:15,1,Team Falcons,Cheeseburger,3,0,https://liquipedia.net/overwatch/Team_Falcons/Played_Matches,team played-matches text provided by user
owcs_2025_korea_stage_3,2025,Stage 3,Week 4,Day ?,2025-09-20,2025-09-20 17:10,1,Crazy Raccoon,MIR,3,0,https://liquipedia.net/overwatch/Crazy_Raccoon/Played_Matches,team played-matches text provided by user
owcs_2025_korea_stage_3,2025,Stage 3,Week 4,Day ?,2025-09-20,2025-09-20 18:25,2,ZETA DIVISION,WAE,1,3,https://liquipedia.net/overwatch/ZETA_DIVISION/Played_Matches,team played-matches text provided by user
owcs_2025_korea_stage_3,2025,Stage 3,Week 4,Day ?,2025-09-20,2025-09-20 20:15,2,ONSIDE GAMING,Old Ocean,3,1,https://liquipedia.net/overwatch/ONSIDE_GAMING/Played_Matches,team played-matches text provided by user
owcs_2025_korea_stage_3,2025,Stage 3,Week 4,Day ?,2025-09-21,2025-09-21 17:10,1,Cheeseburger,MIR,3,1,https://liquipedia.net/overwatch/Cheeseburger/Played_Matches,team played-matches text provided by user
owcs_2025_korea_stage_3,2025,Stage 3,Week 4,Day ?,2025-09-21,2025-09-21 19:10,1,T1,Team Falcons,0,3,https://liquipedia.net/overwatch/T1/Played_Matches,team played-matches text provided by user
owcs_2025_korea_stage_3,2025,Stage 3,Week 4,Day ?,2025-09-21,2025-09-21 20:35,2,Crazy Raccoon,Old Ocean,3,0,https://liquipedia.net/overwatch/Crazy_Raccoon/Played_Matches,team played-matches text provided by user
owcs_2025_korea_stage_3_lcq,2025,Stage 3,Last Chance Qualifier,Day ?,2025-10-03,2025-10-03 17:15,1,ONSIDE GAMING,WAE,3,0,https://liquipedia.net/overwatch/ONSIDE_GAMING/Played_Matches,team played-matches text provided by user
owcs_2025_korea_stage_3_lcq,2025,Stage 3,Last Chance Qualifier,Day ?,2025-10-03,2025-10-03 18:50,2,Cheeseburger,Old Ocean,1,3,https://liquipedia.net/overwatch/Cheeseburger/Played_Matches,team played-matches text provided by user
owcs_2025_korea_stage_3,2025,Stage 3,Regional Playoffs,Day ?,2025-10-04,2025-10-04 17:15,1,Team Falcons,WAE,2,4,https://liquipedia.net/overwatch/Team_Falcons/Played_Matches,team played-matches text provided by user
owcs_2025_korea_stage_3,2025,Stage 3,Regional Playoffs,Day ?,2025-10-04,2025-10-04 20:00,1,ZETA DIVISION,ONSIDE GAMING,4,1,https://liquipedia.net/overwatch/ZETA_DIVISION/Played_Matches,team played-matches text provided by user
owcs_2025_korea_stage_3,2025,Stage 3,Regional Playoffs,Day ?,2025-10-11,2025-10-11 17:00,1,Crazy Raccoon,WAE,4,2,https://liquipedia.net/overwatch/Crazy_Raccoon/Played_Matches,team played-matches text provided by user
owcs_2025_korea_stage_3,2025,Stage 3,Regional Playoffs,Day ?,2025-10-11,2025-10-11 20:25,2,ZETA DIVISION,T1,0,4,https://liquipedia.net/overwatch/ZETA_DIVISION/Played_Matches,team played-matches text provided by user
owcs_2025_korea_stage_3,2025,Stage 3,Regional Playoffs,Day ?,2025-10-12,2025-10-12 17:20,3,ZETA DIVISION,WAE,0,4,https://liquipedia.net/overwatch/ZETA_DIVISION/Played_Matches,team played-matches text provided by user
owcs_2025_korea_stage_3,2025,Stage 3,Regional Playoffs,Day ?,2025-10-12,2025-10-12 19:10,2,Crazy Raccoon,T1,4,1,https://liquipedia.net/overwatch/Crazy_Raccoon/Played_Matches,team played-matches text provided by user
owcs_2026_korea_stage_1_open_qualifier,2026,Stage 1,Open Qualifier,Day ?,2026-02-21,2026-02-21 00:00,1,Poker Face,TM,3,0,https://liquipedia.net/overwatch/Poker_Face/Played_Matches,team played-matches text provided by user
owcs_2026_korea_stage_1_open_qualifier,2026,Stage 1,Open Qualifier,Day ?,2026-02-21,2026-02-21 00:00,1,Cheeseburger,CHASE,3,0,https://liquipedia.net/overwatch/Cheeseburger/Played_Matches,team played-matches text provided by user
owcs_2026_korea_stage_1_open_qualifier,2026,Stage 1,Open Qualifier,Day ?,2026-02-22,2026-02-22 00:00,1,Cheeseburger,Poker Face,3,2,https://liquipedia.net/overwatch/Cheeseburger/Played_Matches,team played-matches text provided by user
owcs_2026_korea_stage_1_open_qualifier,2026,Stage 1,Open Qualifier,Day ?,2026-02-22,2026-02-22 00:01,3,Poker Face,O2B,3,2,https://liquipedia.net/overwatch/Poker_Face/Played_Matches,team played-matches text provided by user
